left_ear,right_ear,ear,left_eye_width,left_eye_height_1,left_eye_height_2,right_eye_width,right_eye_height_1,right_eye_height_2,label
0.4273976728643212,0.43232817540241364,0.4298629241333674,0.03918625290485784,0.01706935270389041,0.01642687389572756,0.03555223755217261,0.014775086703056077,0.01596538128175183,OPEN
0.42701914530908286,0.43553870557805063,0.4312789254435667,0.03907824602338758,0.01695418406066094,0.016420134373509122,0.03565999583302372,0.014906440030620716,0.016156176821446943,OPEN
0.42749422168918366,0.44718013618270236,0.43733717893594304,0.03912680524895294,0.01701731353790551,0.016435652776265297,0.03582513523845841,0.01539959075577813,0.016640986953616987,OPEN
0.43394617455003087,0.44452097004854535,0.4392335722992881,0.03921752306062346,0.017374886739625825,0.016661701475344518,0.035812213007858106,0.015203941742096494,0.016634617589579948,OPEN
0.4234313204297424,0.4406659303978382,0.4320486254137903,0.03908349288539646,0.01694100843504613,0.016157341563893604,0.03628036484524142,0.01525132087715006,0.0167237205822526,OPEN
0.44364528768023964,0.4471833489655348,0.44541431832288725,0.038881601578206644,0.017690551355357086,0.01680872727990681,0.03686596711876029,0.015817250843831846,0.017154442434209185,OPEN
0.43621867231991485,0.42475581262182843,0.43048724247087167,0.03921950234789769,0.017586271208566418,0.01663028727792901,0.03686824395757317,0.015132675004368821,0.016187326839908794,OPEN
0.43903450660855703,0.43728374880016563,0.43815912770436133,0.03871342093071445,0.017408457607116515,0.01658459770777469,0.03724252834875509,0.015678626344966848,0.016892478477313292,OPEN
0.44358296750702436,0.4493915792758256,0.446487273391425,0.03834061912470898,0.017425633756887993,0.01658885745790197,0.037185067764398255,0.016030414213742093,0.01739089844250096,OPEN
0.4580852150810141,0.4448524205871366,0.45146881783407533,0.038520502132489726,0.017997442638775875,0.017293902370004558,0.03724816842648723,0.015871780998593665,0.017268094775326735,OPEN
0.4451803018932813,0.43911870184700685,0.44214950187014407,0.038809522948796735,0.017688288090639565,0.016866182194719546,0.037072711828167265,0.015613271856585753,0.016945370327280218,OPEN
0.4492437462682412,0.43036257366358927,0.43980315996591524,0.03924136650345827,0.018098032541662576,0.01715984445173475,0.037109407737630294,0.015359378640609168,0.016581621801587006,OPEN
0.4476153870822581,0.4263577258329474,0.43698655645760276,0.038966701982823385,0.017924025098560937,0.016960165684160033,0.036950237750271814,0.015136568174775164,0.016371470497610063,OPEN
0.44496860850061626,0.43336920851017646,0.43916890850539636,0.039663560602282634,0.018121005098417086,0.017177073640338054,0.037425822298473875,0.01568722138488513,0.016751176589779145,OPEN
0.41564370899822095,0.41277163528252636,0.4142076721403737,0.039058482678879604,0.016854409039237257,0.015614416177747321,0.03662196148658931,0.01481753577379953,0.015415478086346808,OPEN
0.40458256044232144,0.42514835634041775,0.41486545839136957,0.037690632341774444,0.015902229826358513,0.014595715248692034,0.038673989167616836,0.016180269313818097,0.01670409654166074,OPEN
0.42827432125498854,0.42761522566862287,0.4279447734618057,0.03671218680190583,0.016355552252001842,0.01509022151674329,0.03862158499382149,0.016285968179176904,0.01674438738644885,OPEN
0.44269815543148694,0.42496656247054904,0.433832358951018,0.03698513024202317,0.016983957409360383,0.015762540463713542,0.038679227185236705,0.016192264754636785,0.016682491677218123,OPEN
0.4329006957623879,0.4443212743758193,0.43861098506910356,0.03713861318634195,0.016711078856249364,0.01544358411978588,0.03857933035833043,0.01679458547904376,0.017488648979714465,OPEN
0.440085294603474,0.454000605294701,0.4470429499490875,0.037475396125546144,0.01709610976059768,0.015888631727988045,0.03803987656481392,0.016881612433053545,0.017658641538468915,OPEN
0.4343527675873367,0.45602255131193575,0.44518765944963623,0.03781078001444263,0.017058358116983318,0.01578807577083491,0.03787569549472568,0.01682741289978159,0.017716929684655994,OPEN
0.4327667259951502,0.43187703941520506,0.43232188270517763,0.03850014778073059,0.01716505636793562,0.016158109442856828,0.036948703635280675,0.015622439358185207,0.01629215411428448,OPEN
0.43556464229728215,0.4418346470482804,0.4386996446727813,0.038867700907922645,0.01747137909868861,0.01638741338706554,0.0364625094346051,0.015903548977132805,0.016317250995933875,OPEN
0.4405465405249155,0.4612243274172323,0.4508854339710739,0.03911194180845096,0.0178213991920761,0.016639862121773662,0.03606482854341422,0.01638337828817501,0.016884574288533034,OPEN
0.372818846506237,0.33416521717424663,0.3534920318402418,0.03723504802469691,0.014263069504141664,0.013500785804202015,0.036939678146592006,0.011763788123515294,0.01292412301689009,OPEN
0.1694088699926198,0.15222383942248158,0.16081635470755068,0.03579812010919833,0.006510655704467688,0.0056183824466510485,0.03820011696482719,0.005472693203759572,0.006157243737788164,OPEN
0.3321186526491094,0.3317505600729057,0.3319346063610076,0.03573094073110626,0.012202599708614733,0.011531224078385657,0.037176688052001576,0.01172405254855556,0.012942721617258885,OPEN
0.4019473954763352,0.3962034114288074,0.3990754034525713,0.03815290483048656,0.01526618353716206,0.015404737915779062,0.039181171977062036,0.014529376454606634,0.016518051547574904,OPEN
0.4312703490577704,0.3945971542993183,0.41293375167854435,0.038006779837018376,0.016256936366824216,0.016525458046921272,0.04000259758475676,0.014896028999133306,0.01667379334391829,OPEN
0.4541982740608597,0.40349397669812775,0.42884612537949374,0.03819796435492583,0.017253824460520734,0.017445074504770376,0.03931193579858905,0.015038194560731223,0.016686064053417146,OPEN
0.19159135995244025,0.19531254133552706,0.19345195064398366,0.03535199507636688,0.007304096656823939,0.006242176970602266,0.037875654443815514,0.006914597829595557,0.007880582818740156,OPEN
0.18197798491973788,0.26615068009291454,0.2240643325063262,0.035085725140521024,0.007013278991681278,0.005756380129358328,0.03825422841195113,0.009630288550094516,0.010732489266446455,OPEN
0.3614951311738393,0.32241602756377324,0.3419555793688063,0.03462995685650458,0.013093390931887048,0.01194373066088599,0.03823085867088632,0.011919759810343687,0.012732723355694718,OPEN
0.3884264549830356,0.3757156182413414,0.3820710366121885,0.03506575301472521,0.014204448173407703,0.013036484096233111,0.03879324779369715,0.014226468501241865,0.014923989655555095,OPEN
0.38066060908191335,0.38223385554671635,0.3814472323143149,0.03660595907513425,0.014486410012854172,0.013382483342282222,0.037796028309388954,0.014152875352838495,0.01474096789726266,OPEN
0.4141453168091939,0.38324714721960906,0.3986962320144015,0.03722538375228437,0.01587421001699103,0.014959226677876228,0.03697651578633095,0.013806590357885375,0.01453569802057898,OPEN
0.4095058353696396,0.3896500783089066,0.3995779568392731,0.037456899170844354,0.0158280426118765,0.014849594958749452,0.0365288441739478,0.013737172648727891,0.014729761337097321,OPEN
0.41798010526106233,0.35557694239283655,0.38677852382694944,0.03876575901546312,0.016416487107321513,0.015990144960294984,0.03602973783318451,0.012521002401255449,0.013101685626623052,OPEN
0.42236952420440943,0.36980290468419563,0.39608621444430253,0.03876779307942083,0.01654476984971307,0.016203898785106877,0.033510331441623124,0.011899072648910134,0.012885363159174587,OPEN
0.4112156598642057,0.40316129807347556,0.40718847896884064,0.03906795736298291,0.016352846739516987,0.015777864993614357,0.03352336205688331,0.013037713276877727,0.01399293104840262,OPEN
0.442892843840786,0.4156674899476465,0.4292801668942162,0.037124709895226,0.01665395677813175,0.01623057990638988,0.03351816050500213,0.01348885025769232,0.01437596903186083,OPEN
0.391896580810258,0.4244415196614511,0.4081690502358546,0.039391425814457794,0.015568172068107481,0.015306558111746405,0.03433286260643721,0.013977736424275333,0.015166848333732708,OPEN
0.39562526577145796,0.401970098509712,0.398797682140585,0.03732589564855395,0.015098824961339527,0.0144353098108942,0.03514621482121811,0.013560120548665136,0.014695334319191952,OPEN
0.3803441826846285,0.39185700911305105,0.38610059589883977,0.03596694961609015,0.014367645317529933,0.012991994793252106,0.039401209025186894,0.015244591133953475,0.015634688714142305,OPEN
0.3935158733872975,0.38884118816531305,0.39117853077630527,0.034977498878349986,0.014850446546736394,0.012677955493297833,0.03963131470468052,0.01548486290187753,0.015335712094765306,OPEN
0.3879586389770391,0.41048011882950114,0.3992193789032701,0.03480797624820539,0.01434689619433903,0.012661213987258705,0.04067364388105847,0.016814205103444467,0.01657723924360692,OPEN
0.4287609006063971,0.41388146782742297,0.42132118421691,0.03451601876812968,0.01566311020839363,0.013935128376347545,0.040464380813095384,0.01676537483043444,0.01672953982086902,OPEN
0.4114065131693602,0.4254068393017393,0.4184066762355497,0.034202126406519595,0.01487092410300258,0.013271031032765276,0.04009801333969041,0.01699071840211469,0.01712521983211866,OPEN
0.44264037407282475,0.3933273271111818,0.41798385059200327,0.0347980119367905,0.016180779849393687,0.014625230191989452,0.0396643364981007,0.015531888582557364,0.01567024633031552,OPEN
0.431639155968522,0.38804194077969395,0.409840548374108,0.03486672459971565,0.015681412830977407,0.014418274324238922,0.03899021525083217,0.014847740197229493,0.01541193739747238,OPEN
0.4166055372863179,0.3999650570967646,0.4082852971915413,0.035977868822758115,0.015610421547423021,0.014366737195220596,0.037206163719491155,0.014693477326401808,0.015068853466433895,OPEN
0.3948953105244706,0.40999267314609666,0.4024439918352836,0.037267321475618155,0.015158590521374228,0.014274790451684774,0.036497977148583195,0.014484352924124616,0.015443453507020935,OPEN
0.4211044950905656,0.366448051057808,0.3937762730741868,0.03763832568989731,0.016105298024582642,0.015594038246814301,0.035365196169310935,0.012558618734226354,0.013360395688815746,OPEN
0.4342841090801035,0.3418893472288838,0.38808672815449363,0.03859876701647604,0.01679280789261361,0.016732854398067955,0.033373392479985824,0.010985526307241273,0.011834488432350115,OPEN
0.4328974467180501,0.4072504676541441,0.4200739571860971,0.03812201939530523,0.016592669627839056,0.016413180092088184,0.032838870572427015,0.01299031983961996,0.013756970956089661,OPEN
0.43983602486712897,0.4304628681592363,0.43514944651318266,0.03889365697845987,0.017224116747064526,0.016989546208838396,0.033283978456898275,0.013913961631546177,0.01474107202906715,OPEN
0.4533908361560704,0.42105001883358134,0.43722042749482587,0.03780145736943568,0.017368694819925187,0.0169089739093678,0.03330823159304205,0.01366482766945312,0.014384035409674164,OPEN
0.41606110952707775,0.42770581210292125,0.4218834608149995,0.03748168822535612,0.015773822793809972,0.015415522786169375,0.03401603502456667,0.014208892842240771,0.01488881892716663,OPEN
0.39689721993655946,0.4030118631662087,0.3999545415513841,0.03811854608243973,0.015335958715619404,0.014922331220668515,0.03570688265334216,0.013817006041325906,0.014963588570635296,OPEN
0.4150204775473568,0.45048569621392076,0.4327530868806388,0.03806033851050494,0.016092808330949893,0.015498831397537745,0.035850915907467064,0.015723818150636597,0.016576831474327453,OPEN
0.4227130869882945,0.4523777654937727,0.4375454262410336,0.03800284275957787,0.016236591670630064,0.015892006283833773,0.036869798495974014,0.016318342202121052,0.017039811913507723,OPEN
0.4108852576650359,0.46204541369198554,0.43646533567851076,0.03983402863180191,0.01677289793725533,0.01596153229917336,0.03688330935053909,0.016851639038652347,0.017231888815746277,OPEN
0.44290473244989115,0.4862045994991537,0.46455466597452244,0.038993520675860024,0.0176522426951879,0.01688858698925427,0.037642609333480334,0.018421825791653416,0.018182193798522404,OPEN
0.44083825071190386,0.44341014377729315,0.4421241972445985,0.0404817046136129,0.01798259680272781,0.01770917089267442,0.039640923296086296,0.017684653153341674,0.017469721843022874,OPEN
0.42629879522176084,0.47131801523184536,0.4488084052268031,0.04080163235580214,0.017487842310461462,0.017299531122257874,0.03947074245647441,0.01875226511239861,0.018454278876227092,OPEN
0.4458763153196228,0.46150479242116926,0.45369055387039603,0.04003274177919856,0.017899272699123527,0.01780003009417842,0.03917010490206767,0.018086935359979874,0.018067446903908452,OPEN
0.4607944699514852,0.48872611445270586,0.47476029220209554,0.039890545047260334,0.01872341332900383,0.01803927179325251,0.03764958963130447,0.0183801729046159,0.018420502397876733,OPEN
0.4772458295193827,0.4993824268186232,0.488314128169003,0.03903525197035663,0.019087256756484768,0.018171565657697165,0.03727349667056753,0.01844076667551179,0.01878669177121598,OPEN
0.4498864296326148,0.5206140826972786,0.4852502561649467,0.03755088882070716,0.017385362911590877,0.01640190769056755,0.0371530633278617,0.01892396380382975,0.01976085216382749,OPEN
0.4761400403713674,0.4595371969365674,0.4678386186539674,0.037080129335385764,0.018148138386380967,0.01716253017107124,0.03786309278224102,0.01701300549183638,0.017785993557164054,OPEN
0.48753907137009933,0.4833116033454581,0.4854253373577787,0.03730395305225447,0.018699067355138252,0.017675201903921606,0.036716358454173724,0.01707381664905714,0.01841706749792939,OPEN
0.4544034966921842,0.44562721510721337,0.45001535589969877,0.03712897638517742,0.01719647656486685,0.016546596831185457,0.03669013182683259,0.015608591993788633,0.01709165054202725,OPEN
0.44720225724299884,0.435386708773385,0.4412944830081919,0.036680597700960535,0.016720824562067343,0.016086467615716468,0.03594198045109484,0.014843058836986485,0.016454262313812563,OPEN
0.43816926206990237,0.4175871915592826,0.4278782268145925,0.03584582093203033,0.01597104524270291,0.015442028569452263,0.034929258851575606,0.014073415247157712,0.015098606966995626,OPEN
0.37165646538991365,0.40249144859014635,0.38707395699003,0.03723708437619088,0.014207952335620885,0.013470853985741275,0.03548326123505822,0.013656003069150971,0.014907415361251364,OPEN
0.25398981111702723,0.2501810801221143,0.2520854456195708,0.03545097686420873,0.009412841450092078,0.008595532385216875,0.03544972449822409,0.008216197541811675,0.009521503188182484,OPEN
0.3273148449885044,0.3385727912556945,0.33294381812209944,0.03530426005593479,0.011876202974124644,0.01123501384115964,0.034372181768542155,0.010910768795308973,0.01236420225053785,OPEN
0.3728218145547495,0.38549298816044625,0.3791574013575979,0.03616435347496283,0.013773288343639343,0.013192431425830662,0.03484795700299498,0.012778461293524071,0.014088824859218495,OPEN
0.3858296477491591,0.4131700580259541,0.39949985288755663,0.03619594304203913,0.014332203412035846,0.013598732495681321,0.03472035853340873,0.013736534115756953,0.014954290984103875,OPEN
0.40457306560388123,0.40888884732346853,0.40673095646367485,0.036695215731272636,0.01512954252919557,0.014562249313597907,0.03483163455990366,0.013642373318456167,0.014842160492726427,OPEN
0.40028576327712434,0.40523390714249263,0.4027598352098085,0.036499422932412755,0.014886970895518456,0.014333427839832375,0.03433730840485812,0.01330489633216867,0.014524386959146148,OPEN
0.41159845005349466,0.40978346531964055,0.4106909576865676,0.03671718444020909,0.015401668784987495,0.01482380362684921,0.034668036594357,0.013624322228997291,0.014788454113930155,OPEN
0.4064618211467477,0.4418700665855284,0.42416594386613804,0.03840325957382214,0.015666907772313027,0.015552009876381017,0.03558852890727639,0.015147195770338033,0.016303815505540404,OPEN
0.4421761350394278,0.4449393924089688,0.4435577637241983,0.037600091042561665,0.017065179699986905,0.016186546168674154,0.03547302218588737,0.015351311608312218,0.016215378268284977,OPEN
0.42081114446127227,0.44470174551275143,0.4327564449870118,0.03752012554555343,0.016109372702056354,0.015468401240253562,0.03566602961179176,0.015340440032781387,0.01638105121496516,OPEN
0.4291229455028781,0.4445613828514767,0.4368421641771774,0.037897188152619735,0.01652137910393991,0.016003726908718,0.03533777769975025,0.015131924562705875,0.01628769807949222,OPEN
0.4315353714085538,0.43883415058269926,0.43518476099562653,0.03804911782803889,0.01675790103639205,0.016081179350989128,0.035493256920126476,0.015035520429633463,0.016115786074280967,OPEN
0.4187600311185882,0.42649642912635083,0.42262823012246953,0.037522514980238696,0.016167056574361717,0.01525880250718318,0.03491356435160883,0.014583829638891044,0.015197191409177408,OPEN
0.4143779596415426,0.41040791966858553,0.4123929396550641,0.03523055272863997,0.015207290270980304,0.013990238842494925,0.037644472817483926,0.015305548423489076,0.015593631128599315,OPEN
0.40858549365526603,0.4069982313095127,0.40779186248238936,0.03484886939898356,0.015054869129892609,0.013422615883530574,0.03841860424328556,0.015615121044254103,0.015657486908540623,OPEN
0.42411978176882875,0.4379697122199441,0.43104474699438644,0.034016496690440226,0.015181593062941501,0.013672545242837685,0.039292415408318494,0.017304180848497466,0.017113594889118032,OPEN
0.44998966932746143,0.4200843745094794,0.4350370219184704,0.03434101634603775,0.01629999864405618,0.014606206535788768,0.03942970558244231,0.016498370639758387,0.016629235773628025,OPEN
0.42276664805434944,0.4046949497518154,0.4137307989030824,0.0344241000794576,0.015394533061091465,0.01371218974466804,0.03943883436126042,0.01582069934714173,0.016100694833059186,OPEN
0.4387731522799376,0.4347882603850696,0.4367807063325036,0.03400301308146099,0.015630256500983306,0.014208961972553879,0.038493524963976775,0.01647170994072138,0.017001355569632046,OPEN
0.4315634544918716,0.4165636142469425,0.424063534369407,0.03471441831488024,0.015494781616599701,0.014468166960691524,0.03770664976961192,0.015353150364504811,0.016061286253841553,OPEN
0.42191068922023467,0.4412932005781987,0.43160194489921666,0.03601362559138422,0.01577280566322742,0.014616261525933379,0.03542681914647524,0.015178703077445434,0.0160885257374607,OPEN
0.43240603003810313,0.41671719287750153,0.42456161145780236,0.03625875539640228,0.016005245706408416,0.015351763243753506,0.03607065880495479,0.014712255722578319,0.015350271642307466,OPEN
0.4050982662497317,0.42422749927658476,0.4146628827631582,0.036629739823290604,0.015273125524810686,0.014404162666376867,0.035830794887200194,0.014847577585749202,0.015553239438429152,OPEN
0.40534535002271016,0.4074655704517042,0.40640546023720714,0.03719605095104487,0.015585058419995673,0.014569434164432016,0.03579567400058809,0.01412476784161054,0.015046241611095183,OPEN
0.42908088703779407,0.4370542053435894,0.43306754619069177,0.03735366529847177,0.016590998634052057,0.015464489046710208,0.03516010713431924,0.01493937885377954,0.01579436651299119,OPEN
0.4418234152621891,0.4465194714004609,0.44417144333132497,0.03738596296479787,0.01693533236536242,0.016100655314583,0.035670784190658486,0.015341998587074345,0.01651340081543114,OPEN
0.43853957148086625,0.4360082622019525,0.43727391684140937,0.03749217432653535,0.016837179572175405,0.016046424553914095,0.03546501293345195,0.014899522283697219,0.01602655503247109,OPEN
0.44183299767090284,0.441535484007525,0.4416842408392139,0.03740998707653289,0.016863928971569256,0.016194004494139273,0.03509214073432324,0.014946768336216184,0.01604208235176301,OPEN
0.44514587958640234,0.4525815445729465,0.44886371207967446,0.037257184553530116,0.016903914438995228,0.016265849938992948,0.03502277178931069,0.015385541444118148,0.016315778859145952,OPEN
0.4282965699904814,0.4503977618844496,0.4393471659374655,0.03726776836200075,0.016432486742263264,0.015490827979026142,0.03493810934054916,0.015325694819238688,0.016146397683676362,OPEN
0.44471459631509336,0.4514345279139442,0.4480745621145188,0.03758692794586314,0.017209297607714412,0.01622161336862364,0.035401532400561764,0.015444610523216896,0.0165183376101387,OPEN
0.44489194995122877,0.4571498957962685,0.4510209228737486,0.037695849394849296,0.017173077540059093,0.016368082344625605,0.03503442226882362,0.015621723349620588,0.016410241629329785,OPEN
0.43262715030264065,0.4540763033851928,0.4433517268439167,0.03769611756754773,0.016732170331994502,0.015884557509448467,0.03532308702071789,0.01565568883326068,0.016423064723781442,OPEN
0.4373879228931477,0.4536333840272088,0.44551065346017826,0.037676046714307715,0.01691528567300714,0.01604280995738537,0.03523622921775448,0.015582150167090582,0.01638650963372617,OPEN
0.4376644313219581,0.44275550290460175,0.4402099671132799,0.03755925214450576,0.01689950715276949,0.015977190308636806,0.03566529929662937,0.015285646262899506,0.016296368789745046,OPEN
0.43991384930007227,0.44968536646630913,0.44479960788319073,0.037514049581839654,0.0168953065295253,0.016110593379236395,0.03530630129669702,0.015413531289182174,0.016339922785168076,OPEN
0.43547796764938485,0.44331682767376623,0.43939739766157554,0.03732704371129368,0.016639714910841527,0.015870495356666323,0.034844845274703315,0.015017646535490242,0.01587696600043915,OPEN
0.41313078481124593,0.4431011878810399,0.4281159863461429,0.03794943996063456,0.015879977546853403,0.015476186281315023,0.03328007442496136,0.014333180982969458,0.015159700037970129,OPEN
0.45334361333090945,0.4199473595055694,0.4366454864182394,0.03736348389584596,0.01712787288020612,0.016749120711741988,0.03307655226803631,0.013535031625499036,0.014245789947520564,OPEN
0.4459918546696382,0.4212167184556783,0.43360428656265826,0.038169525682325636,0.017113174179488204,0.016933420922353393,0.03345296604573154,0.013725521389788452,0.014456375770996083,OPEN
0.4404681942102886,0.43961359282886564,0.4400408935195771,0.038424665930091355,0.016958399866299177,0.0168912865644227,0.0331951611120353,0.014173400264608046,0.015012687817381716,OPEN
0.4455207176211078,0.42424562670930005,0.4348831721652039,0.03777919373122854,0.016989613527735887,0.016673213476831705,0.03486258536736374,0.014285160520398667,0.01529543823536874,OPEN
0.417806174147028,0.42698554808150896,0.42239586111426847,0.03778507544600801,0.015796995497509857,0.015776680126396964,0.03510068110194299,0.014383063962765858,0.015591903153928928,OPEN
0.4547631647480566,0.40735419842510945,0.431058681586583,0.03775943095666881,0.017126575167852123,0.017216621474028772,0.03425923051993237,0.013448483474012191,0.014462799300204,OPEN
0.4557387419362987,0.4172741886650812,0.4365064653006899,0.037899200118558636,0.017356954573019796,0.017187312991828078,0.03545278510449893,0.01420695274756282,0.015380111533231712,OPEN
0.44463384918946336,0.4220755027943523,0.4333546759919078,0.038070792173573724,0.017076890004462313,0.01677823572719405,0.03519686232965245,0.014313653567650004,0.015397813161493306,OPEN
0.44580105291282907,0.4114929094056641,0.4286469811592466,0.037710035516437625,0.01702744331912032,0.016594903758095823,0.03575467390609469,0.014033024492130666,0.0153925650888087,OPEN
0.45110786748914694,0.4206668173265017,0.43588734240782434,0.03782506929315847,0.017188605754721843,0.016937766938210027,0.03445580895701882,0.014036316269535158,0.014952514715182996,OPEN
0.46814581314725395,0.41296737617557583,0.4405565946614149,0.03753342458423812,0.017749045839765033,0.01739318530461354,0.035989082510163944,0.014306281165939244,0.015418352784438176,OPEN
0.46700293082897415,0.4197479842070647,0.44337545751801943,0.03790407583005514,0.01783869895739212,0.017563930048606735,0.03533123795767963,0.014237874342139875,0.015422557482412433,OPEN
0.45017084511108024,0.4190177034875951,0.43459427429933767,0.03753525645048201,0.017089266613505655,0.016705289622043564,0.03579708756368696,0.014420972648857942,0.01557825419610298,OPEN
0.4669173769885983,0.4279172107021755,0.44741729384538687,0.03763241875597386,0.01771074787026523,0.01743171264028646,0.035052583108475054,0.014501494026915933,0.015497713156453739,OPEN
0.2726317197983156,0.3041781469107872,0.2884049333545514,0.03522713483553259,0.010087229998273814,0.00912083870928299,0.03477952803987495,0.009940156638112254,0.011218188141089599,OPEN
0.3412743318180305,0.3720865192955285,0.3566804255567795,0.03542342378817286,0.01238393720828509,0.011794273359746152,0.03573652445349553,0.012713499293915735,0.013880658697325646,OPEN
0.3915164430419821,0.38720905793531935,0.3893627504886507,0.03628422482636833,0.014511998385622116,0.0138997428994885,0.03554987025960058,0.013308057908560975,0.014222405637324562,OPEN
0.40093697167369174,0.40763648909754424,0.404286730385618,0.036396620477827546,0.014978338808049515,0.014207162779024191,0.03575149267552604,0.013979610864009787,0.015167615044486217,OPEN
0.4147449202416212,0.41110685619500553,0.41292588821831333,0.03612250115329963,0.015346927318287108,0.014616320401219142,0.03563500188499812,0.014131822443118417,0.01516776474777093,OPEN
0.4235020633050184,0.4330302964669808,0.4282661798859996,0.03650768714603078,0.015721859383027025,0.015200302282649241,0.03534384788855936,0.014685614247895565,0.015924299611037904,OPEN
0.4200083981960487,0.44194948252440613,0.43097894036022744,0.03673702675149975,0.015761012300802582,0.015098707219963014,0.035468618712459744,0.015050669972811171,0.016300005398842937,OPEN
0.42935322754476696,0.4262371738409881,0.4277952006928775,0.03645378945521489,0.015965797191815713,0.015337307125852096,0.03520684708129447,0.014429888667442284,0.015583045332123305,OPEN
0.41512079987977146,0.4242952745353538,0.41970803720756267,0.03663200892710613,0.015576727462142595,0.014836690231903853,0.035478823163531674,0.014545281966912514,0.015561712061811367,OPEN
0.4222693179233499,0.4372346965523928,0.4297520072378713,0.036394009395506965,0.015712495544977403,0.015023651502896022,0.035547880874327475,0.014978955160912187,0.016106578653422174,OPEN
0.4307578807215092,0.43140289918446073,0.431080389952985,0.036832221513572745,0.016241796981649712,0.01548974238125384,0.03566759579621958,0.0148846933979725,0.01588951506888472,OPEN
0.42217806957739534,0.42962207515818734,0.42590007236779137,0.03709036071391085,0.01604292572536226,0.015274548046894033,0.03534305990651126,0.01462309572239583,0.015745221756555166,OPEN
0.4372839279467168,0.43754296915725416,0.4374134485519855,0.037056580279135366,0.016520985087476923,0.01588750887398939,0.03548901547617134,0.014968884715817655,0.01608705369200585,OPEN
0.4276410073359624,0.43496163316244535,0.43130132024920387,0.03654827184806212,0.016004333972740422,0.01525474560624734,0.03545397725415683,0.014908838570180143,0.01593340112696435,OPEN
0.4204917567411562,0.4230473842061984,0.4217695704736773,0.036673164900877846,0.015810334966320637,0.015031192102535831,0.035870170133337036,0.014603321737384852,0.015746241554494222,OPEN
0.4428169884450908,0.42083573602412583,0.43182636223460835,0.03691725530404938,0.016599459132330158,0.016095716498465244,0.03521569475979576,0.014215519729812234,0.015424525917866963,OPEN
0.4247908528353842,0.43715820313860076,0.4309745279869925,0.03691067512174966,0.01603995475111289,0.015318679576282784,0.03486664949556645,0.01462127451406994,0.01586320917182052,OPEN
0.42755974239372396,0.438588545804541,0.4330741440991325,0.036780467952265125,0.016129194305700457,0.015322500499881738,0.03474352538724286,0.01468224700025338,0.015793977551174617,OPEN
0.43288467960115495,0.4380725312831082,0.43547860544213157,0.03659282587594884,0.01617473517730041,0.01550621223272152,0.03495522734806086,0.014725671574159787,0.015900178277723314,OPEN
0.43102996585815334,0.43745779193898415,0.43424387889856875,0.03644812167587774,0.016109147905630127,0.015311317377464682,0.03472524745180367,0.014591092370904,0.015790567778697737,OPEN
0.4338300152669762,0.4424548743985943,0.43814244483278525,0.036349684497937046,0.016160877059304156,0.015378291302075438,0.034414054529541833,0.014656216802792608,0.015797115546037008,OPEN
0.4304081043959371,0.44114874088582795,0.4357784226408825,0.03647745248236973,0.016117017636871796,0.015283364715387451,0.03458680848827255,0.014784862591592498,0.015730991440128905,OPEN
0.43583919810752897,0.43552016023669116,0.43567967917211003,0.03669995575012265,0.01641113483022679,0.015579423739203714,0.03431858028326282,0.014417977608801256,0.015474889559323487,OPEN
0.4365846425676161,0.45307450209324984,0.44482957233043297,0.036910198795689915,0.01641292989991656,0.01581592199671531,0.034588991638445664,0.01516625991415973,0.01617652041483297,OPEN
0.43582145796221855,0.446759488564214,0.44129047326321624,0.03720575191861872,0.01668172389979949,0.01574840619170655,0.03481754358288112,0.015052657946369674,0.016057477981930725,OPEN
0.4315146172089569,0.4412846712885687,0.43639964424876276,0.036635998149229486,0.016265296622821054,0.015352640812044573,0.03459043926025114,0.014841847070877176,0.015686614166497078,OPEN
0.4327673763025313,0.4334204160107023,0.4330938961566168,0.036613922528777106,0.01636692789971204,0.01532369447813398,0.03486921831090819,0.01468738872545005,0.0155386734871136,OPEN
0.43346094867740415,0.4359650635265917,0.4347130061019979,0.03672453504164256,0.016396119027420428,0.015441184570353485,0.03494458154380183,0.014763841924349534,0.015705391500957927,OPEN
0.43867359685724316,0.4440239154769465,0.4413487561670948,0.036864860196970294,0.016636132537184222,0.01570714910330453,0.03493836916029419,0.015065717670008388,0.015961225279857254,OPEN
0.4392792671325871,0.4501042296651463,0.4446917483988667,0.03714794088641849,0.016840371275744115,0.01579626922039705,0.034949638201595565,0.015215193250112549,0.01624676670949693,OPEN
0.4414939733937355,0.44866571636980085,0.44507984488176816,0.037175148919844934,0.01690103471864191,0.015924173697610434,0.03498328267182548,0.015190092980791985,0.016201506181051657,OPEN
0.4373470980373359,0.43897744451778126,0.4381622712775586,0.03705057571689426,0.016709672673727066,0.015698250867065517,0.03471400968569503,0.014779662703548137,0.015697671818035688,OPEN
0.44625684858226955,0.4480793535123771,0.4471681010473233,0.037270898276284284,0.01705196594254874,0.016212821274661192,0.03466009980839894,0.015003086327304668,0.016057863902339056,OPEN
0.4441731382166937,0.4504684659477486,0.44732080208222114,0.03703871010240198,0.01677308632796651,0.016130113875397974,0.034888510849766234,0.015171855494206684,0.016260492429184474,OPEN
0.44410649473333297,0.44613996382495225,0.4451232292791426,0.03694462660951716,0.01677746190170775,0.016037235343861218,0.034718853025101755,0.01502395962398192,0.01595497604134354,OPEN
0.44704418164903376,0.45755978741099096,0.45230198453001236,0.037252228366465474,0.01705340903835336,0.016253374851025598,0.034976749243656506,0.015371671303138826,0.016636236593371198,OPEN
0.4379753221966243,0.45831452373799497,0.4481449229673096,0.03729628104477607,0.016690515256531695,0.015979186158111607,0.03454450199630678,0.01532599504173677,0.016338498918670345,OPEN
0.44740509272170786,0.44075142677013335,0.44407825974592063,0.03726977112330294,0.017086348898459173,0.016263021911817194,0.034495453727498855,0.014592310855090267,0.015815530039866202,OPEN
0.4480346237905852,0.4430513981700296,0.44554301098030735,0.03734125451023871,0.017126581702583313,0.016333768130143273,0.034741986254411904,0.014913622675676919,0.015871348494765368,OPEN
0.4519917652025299,0.4398291981966952,0.44591048169961256,0.03729185986933162,0.017245086449507646,0.016466140690541524,0.03524621303685006,0.014987061719709363,0.016017565519225976,OPEN
0.45521482982773886,0.43752248046427555,0.4463686551460072,0.037319321592791936,0.017388232485042742,0.01658838477125614,0.035445323794777515,0.014924738936009012,0.016091513039091922,OPEN
0.4481052099776016,0.43155165271620716,0.4398284313469044,0.03722784167978968,0.017125809093543,0.01623817053232713,0.03495566066188871,0.0145309571940364,0.015639389066813558,OPEN
0.4499830876486572,0.433587578041304,0.44178533284498056,0.037178255241360564,0.017111316334693146,0.016347855839101456,0.03531033919805147,0.014809398256154823,0.015810850649245287,OPEN
0.4425596902861997,0.45162445818351865,0.4470920742348592,0.037213446513858946,0.016867884232180594,0.016070458495130353,0.03495063264697674,0.015291813387499404,0.016277307677224732,OPEN
0.44887074882646993,0.4522137732816666,0.45054226105406825,0.03717940347305617,0.01707497779113117,0.016302515564613193,0.0346449490220727,0.015210444018098228,0.016123402226746738,OPEN
0.4316314963304302,0.4426971787897545,0.4371643375600923,0.03717732707764574,0.0164868203093548,0.0156069903228253,0.03465254819959921,0.014942282220783807,0.015738888430893307,OPEN
0.4416788278382245,0.45147832515990627,0.4465785764990654,0.037569943864659866,0.016930291183203064,0.016257406352978666,0.03535704686622745,0.01544060390833096,0.016485276695198402,OPEN
0.4305001513418322,0.4523618951543282,0.4414310232480802,0.037170511123417786,0.016418697149646548,0.015585124178522685,0.035026496784391334,0.015384986306623214,0.01630431862538528,OPEN
0.4276123130260512,0.45074278347418284,0.439177548250117,0.03800883349531021,0.016636297008368817,0.01586979340433448,0.034084302037334584,0.014870714806093541,0.01585579154007236,OPEN
0.40148160991426945,0.40034656696071935,0.40091408843749443,0.03936425464659259,0.016115677450363054,0.015492371206815457,0.03365945370029261,0.013163460617469097,0.013787432851901758,OPEN
0.4436859559801639,0.41600772513265144,0.42984684055640765,0.03817775788451041,0.017097042976817356,0.016780827031519126,0.03263584811973952,0.013197253130786409,0.013956276737348706,OPEN
0.4362645922902196,0.41252306545156436,0.42439382887089194,0.03881771520625868,0.017155907298623777,0.01671368209756882,0.030062394412417565,0.012095517076414191,0.012707345119234756,OPEN
0.4248894137940138,0.43332294486310985,0.4291061793285618,0.0388042326932745,0.016780075178052366,0.01619494018549145,0.028547136795525948,0.012112979909992943,0.012627278857301747,OPEN
0.43945060782123996,0.4496596216189774,0.44455511472010867,0.03872853556777192,0.017299101042693308,0.01673945594787446,0.028755991733094028,0.012596771750092373,0.013264044973870633,OPEN
0.4336944718353186,0.4239127807226534,0.42880362627898605,0.03844201690962917,0.01690192963907527,0.016442250800736746,0.030136389506500813,0.012508967274281973,0.013041434079001532,OPEN
0.4268268297754541,0.3967538812569674,0.4117903555162108,0.0377148740855333,0.01632254524024135,0.01587289504237586,0.031832730658914996,0.012324560628126506,0.012934958251737868,OPEN
0.4156671657494385,0.44427625786538166,0.4299717118074101,0.03693500897697648,0.015655092226275372,0.015050248770504388,0.034893005755252164,0.014853531912969684,0.01615073613226763,OPEN
0.41341062334878487,0.48267786410644925,0.4480442437276171,0.03677374476733459,0.015636733271854074,0.014768580222411742,0.035708114933079405,0.016778130305938187,0.017692902988394557,OPEN
0.42579211461712163,0.43991958805648584,0.4328558513368037,0.035632226179114844,0.015730730449125475,0.014613111417516264,0.03725854816633148,0.016277137307021336,0.016504393014809222,OPEN
0.43702295674038505,0.4165950765161512,0.4268090166282681,0.034639913009818106,0.015848440027668838,0.014428434381892044,0.03937493458264245,0.016365365560311585,0.016441442210237175,OPEN
0.4350194870591354,0.42908428535611887,0.43205188620762713,0.03413070085527995,0.01575563335009204,0.013939406607973314,0.0391380269207323,0.016606549393864335,0.016980475229197586,OPEN
0.45520276205500804,0.42741556893526006,0.44130916549513405,0.03398659919722034,0.016320528235151604,0.014621059419710827,0.03985952912678088,0.016888893272268925,0.017184273366160317,OPEN
0.4523919203846095,0.4318882750748645,0.442140097729737,0.03433224290535387,0.016400544008616014,0.01466271458951183,0.039716260654893164,0.0171138528901947,0.017192121723136333,OPEN
0.442584696168002,0.44314563435534804,0.442865165261675,0.03404251715203976,0.01578149995134912,0.014351894269709908,0.0388166862128109,0.01708394811977367,0.017318941950923483,OPEN
0.4413290939819328,0.43411492542487873,0.4377220097034058,0.03538566648941937,0.016303792622332256,0.014929655641112325,0.038195026466590225,0.01655889133643646,0.016603170795853706,OPEN
0.4445299316276729,0.4273987699135359,0.4359643507706044,0.034408903321679375,0.015969376960938395,0.014622197921000281,0.0377581775200485,0.01593354099654808,0.016342056255943226,OPEN
0.4350869858022718,0.4488350271588487,0.44196100648056025,0.0353680275818434,0.016026228377205538,0.014750108651506178,0.035849551926447884,0.0158187860383108,0.01636228318676879,OPEN
0.4160628779147808,0.45615898475623595,0.4361109313355084,0.03785489305555493,0.016326550139591382,0.015173481356109488,0.03606864927306762,0.016141834402979713,0.016764242464882832,OPEN
0.4089163947169458,0.45192341653777096,0.4304199056273584,0.037108303122623434,0.015751144104439455,0.014597242949494061,0.03460902487182786,0.015526862897612325,0.015754394628621955,OPEN
0.4215480251821507,0.4198240798003244,0.4206860524912375,0.03702072083416537,0.016209544143205395,0.015002479373718831,0.03437055033468514,0.014054207573220193,0.014804961759759646,OPEN
0.40722364192433175,0.4256079146100158,0.4164157782671738,0.037683851089795044,0.015862616070518604,0.014828894094522468,0.03355146085528697,0.01398544766817203,0.0145740869053045,OPEN
0.4328373910364269,0.42367578948520823,0.4282565902608175,0.03843344441169389,0.01703318424833951,0.01623767936706274,0.03320821637492468,0.01362928683990275,0.01450974774018092,OPEN
0.43138688566105765,0.4354650455940972,0.4334259656275774,0.03882355189295078,0.017060528282865903,0.016435413999935086,0.03386638677144879,0.014284707433062852,0.015210547886009706,OPEN
0.4325883426761123,0.42339225876936243,0.42799030072273736,0.03886602851361057,0.01712386895319873,0.016502112769011906,0.03389810742227102,0.013855632138735325,0.01484876040030831,OPEN
0.41331266014241685,0.41764010073990315,0.41547638044116,0.0369469812974805,0.015552646199935532,0.014988664048652048,0.035381332440687564,0.014131770922875257,0.015421555566806258,OPEN
0.41182345904914924,0.4097093801754787,0.41076641961231397,0.0365617437794787,0.015493313903820435,0.01462065368044683,0.03516241421877154,0.013988685365090216,0.014824056505002438,OPEN
0.4217358255555363,0.4332507226532714,0.42749327410440385,0.037432050671921804,0.016314832131674582,0.015258041453044633,0.03439848911667643,0.014653037127506837,0.015153303408454671,OPEN
0.41961424033256745,0.43527019556409025,0.4274422179483288,0.03692978104579388,0.016085451648560185,0.014907072389797509,0.03516029916011229,0.015053527884295948,0.015554932698732045,OPEN
0.4006967924870912,0.44317497696956126,0.4219358847283262,0.036279746148481756,0.015205820667176434,0.013868535160708649,0.03525204204380968,0.015392626152260887,0.015853019689529835,OPEN
0.42011085638615114,0.42990968113870587,0.42501026876242853,0.035986618489531066,0.015632285530029367,0.014604452694127829,0.03556531085210296,0.015074784079718058,0.01550495881633502,OPEN
0.41951407207166075,0.42765120954766855,0.4235826408096647,0.036392855588904635,0.015805365595045286,0.01472926448978928,0.035933719650720654,0.015175349912798272,0.015558847431556756,OPEN
0.4230082361052143,0.4232751816475314,0.42314170887637287,0.03660193224043065,0.015962049628952056,0.015003787961182234,0.03589518448580357,0.014942072180520998,0.015445009286479315,OPEN
0.4293113725473238,0.43005631927081744,0.4296838459090706,0.03721237237250641,0.016442363395073375,0.015509025922892305,0.035420384201872275,0.015018316419695466,0.015447203694335334,OPEN
0.4288953404760697,0.44232155392224926,0.4356084471991595,0.03725213943500032,0.016471558029503328,0.015482980023369642,0.03485137756422087,0.01515618352602892,0.015674847435045457,OPEN
0.4301622275326848,0.44555095396083133,0.4378565907467581,0.036930971762359925,0.016265740617192416,0.01550687753929444,0.03475612555613069,0.015256272601375607,0.015714977193657307,OPEN
0.2137342643138203,0.23891650968418263,0.22632538699900145,0.0365863038546363,0.008121235772670595,0.00751825770399456,0.03592233564020565,0.008021815984654238,0.009143062117069067,OPEN
0.15786911259768718,0.1897278245356174,0.1737984685666523,0.036323445876022604,0.0060296503675821116,0.005439049966293505,0.03557714459685208,0.006228107897468826,0.0072718405976308536,OPEN
0.2836139317147968,0.32467090233218426,0.30414241702349054,0.03593774650695798,0.010515775777302193,0.009869115390313923,0.0351983523408967,0.011137009352724069,0.011718752277526095,OPEN
0.4455568001513656,0.4510557532121037,0.4483062766817347,0.03780865048768466,0.01692710350774736,0.016764699150920936,0.037027812934562906,0.016410930401684076,0.01699228570430822,OPEN
0.44673296401860035,0.46848816586164743,0.45761056494012387,0.03760855160629242,0.016927782856988486,0.016674176606062525,0.03638730448721125,0.016937062768806306,0.017156980310919483,OPEN
0.4450501671774459,0.468139642445873,0.45659490481165943,0.03771876906870357,0.01705663164226671,0.016516857317241288,0.03631218237170199,0.01705741347982624,0.016940930664009562,OPEN
0.4371587753246041,0.4633011267061511,0.4502299510153776,0.03906327531426777,0.017257359992698135,0.016896347200408144,0.03607131787537752,0.016787693551459565,0.016636070875416704,OPEN
0.4303571432103571,0.4661141739285106,0.44823565856943387,0.03942862102959441,0.017063621498135912,0.016873155915904204,0.03602890679605287,0.01695965444492946,0.01662751381264951,OPEN
0.44204371223084915,0.47109445745475786,0.4565690848428035,0.03871309337296209,0.017405270805765254,0.016820488207282044,0.03584376941654751,0.017116086921258312,0.016655515291585474,OPEN
0.4211809543634936,0.5083377938164183,0.46475937408995593,0.03853690027709566,0.016707731833349487,0.015754285040486374,0.03669871455975469,0.018611373395843265,0.018699313794565076,OPEN
0.44417981739923657,0.4432875582498883,0.44373368782456246,0.038288137394531754,0.017446738007131406,0.01656689774578858,0.037619501315963325,0.016338148483396334,0.017014365278467346,OPEN
0.4437872476370383,0.5011158256205334,0.4724515366287858,0.03704330504995507,0.017025687711535165,0.01585300507146236,0.03461776178000374,0.016894226824661476,0.017800789726381556,OPEN
0.4638201520871619,0.45256532270939503,0.4581927373982785,0.03683145200208057,0.017419806423680656,0.01674653291471137,0.03344712011611321,0.014678075056105692,0.015595938361991659,OPEN
0.4519223277917845,0.4624350563953542,0.4571786920935693,0.03691813807601468,0.01703819815699904,0.016330063637103084,0.033246484352042464,0.014870837981199016,0.01587784175136902,OPEN
0.4413449592668092,0.4559867518193239,0.4486658555430666,0.035709026199663346,0.016247309225123265,0.01527268820197242,0.0335530103169801,0.014811326963155033,0.01578812941324501,OPEN
0.4064758026436571,0.42316872172550285,0.41482226218457996,0.03599724502256235,0.015211100806496056,0.01405291732051679,0.03409417501127128,0.013994373052774385,0.014860803862836117,OPEN
0.41411679231598575,0.4211332270237031,0.4176250096698444,0.035359666573566914,0.015239379322934317,0.014046684074682307,0.034284676322336984,0.013986957423183104,0.014889875330994735,OPEN
0.419935148479703,0.4306697344177347,0.42530244144871887,0.03458289261176876,0.014865825037028211,0.014179319250533262,0.033917343150065844,0.014091862774253602,0.015122483558934459,OPEN
0.4383995451361152,0.45662441638249784,0.44751198075930654,0.03577833663209964,0.01617745460619503,0.015192958404283544,0.03378820494766013,0.014944257469252941,0.01591278126042213,OPEN
0.43121960817884575,0.4608948787110948,0.4460572434449703,0.035226112099013246,0.01564167181745367,0.01473870869654751,0.03323373348912006,0.014966741966135535,0.015667773165034142,OPEN
0.43811608334491114,0.4386589063814737,0.4383874948631924,0.03556916743527779,0.016012970539437982,0.015153878109728547,0.03337959127961056,0.014252082104058489,0.0150324279082906,OPEN
0.4354688782669504,0.42842993208860775,0.4319494051777791,0.03543956351864438,0.01598236030950723,0.014883293633961578,0.03377424639421181,0.014202284069661498,0.014737512108370642,OPEN
0.4310349406628561,0.42854531971159143,0.4297901301872238,0.035554579479843466,0.015763292292759922,0.014887239820014336,0.03362879535201472,0.014118679479658546,0.014704246231631109,OPEN
0.41939740566054523,0.424602402949331,0.4219999043049381,0.03576559193105717,0.015552271458521925,0.014447721477076288,0.03402486493231678,0.014138006311825524,0.01475607250875074,OPEN
0.43477454063842313,0.4796826321409147,0.4572285863896689,0.036059762035510916,0.01614466898700542,0.015211063962034801,0.03355826899241086,0.015816696598912668,0.016377941001832298,OPEN
0.41691300012049465,0.45268698933428614,0.4347999947273904,0.0372657217265125,0.01593921297296552,0.015133914720346133,0.03549739857568658,0.015927218803960082,0.016211202176893383,OPEN
0.4197609084131907,0.43181528035066924,0.42578809438193,0.03811001104954824,0.016178964574904794,0.015815221140685412,0.03756579704788937,0.01614105105770301,0.016301919309958373,OPEN
0.4438937323945635,0.433022541598622,0.43845813699659275,0.037759215741947544,0.0169942248533413,0.016527933562628005,0.03793221308052309,0.01633866597085065,0.01651234066232656,OPEN
0.44216781558403323,0.431110644687813,0.4366392301359231,0.037595224465542795,0.01686851404594762,0.016378282510693308,0.03801972039963316,0.016284554659449904,0.01649685768522259,OPEN
0.4353086669554881,0.44126132144207786,0.438284994198783,0.03763347261464433,0.016663358522812022,0.016100995070761355,0.037895329220181344,0.016568068275626128,0.016875417820733478,OPEN
0.4427257110834029,0.43367682948764136,0.43820127028552214,0.03763314359655974,0.01687106136676145,0.016451259151419994,0.03826124637275948,0.016469303716871858,0.016716728321495844,OPEN
0.440449210196351,0.4434274155364972,0.44193831286642415,0.037676902293010586,0.016821125546743254,0.01636839816845995,0.037730206262624875,0.016627068477494244,0.01683414722389518,OPEN
0.42470588331722064,0.4479175742271698,0.43631172877219526,0.0367180711019088,0.01593539073595367,0.01525337090612771,0.03777172036856561,0.017120401461378224,0.01671683326237155,OPEN
0.38702543354017055,0.3850031913837172,0.38601431246194384,0.03610937681885572,0.014399231879920822,0.013551262556445214,0.04018303761259833,0.015844643366929482,0.015096552073755123,OPEN
0.4391406003151339,0.4279966584502755,0.4335686293827047,0.035689414612302246,0.016120964123536773,0.015224377791947472,0.03905967676440509,0.0170037202934947,0.016431101977131792,OPEN
0.45455942243815256,0.457826857823093,0.4561931401306228,0.03432290688675833,0.016164284845339643,0.015039316616347064,0.038197210013130596,0.01765714270634886,0.01731827456949188,OPEN
0.43090529069388134,0.45226769973075776,0.4415864952123195,0.03417067299806112,0.015294828502193525,0.01415381906067665,0.03881713453437935,0.01751680725770208,0.01759466503430413,OPEN
0.4498483423492825,0.43895403995858734,0.44440119115393495,0.036534360062215394,0.016847960363478326,0.01602188226208052,0.037708359041499016,0.016609038511636587,0.016495434571313247,OPEN
0.4118900549569899,0.40370170542922434,0.4077958801931071,0.03775645564341152,0.01600335478261207,0.015099662397279775,0.0349666388688791,0.013919801875200354,0.01431238161378824,OPEN
0.4264507379767458,0.3948646955992162,0.410657716787981,0.03849978222380896,0.016588823932927124,0.016247697149647543,0.034077553640077224,0.013185754584337111,0.013726291105373,OPEN
0.42929232240041343,0.38797145930095456,0.40863189085068397,0.03973386417022683,0.017101005187578053,0.01701388046758046,0.03163508285782615,0.012070442863965216,0.012476575658949631,OPEN
0.45002901858302463,0.3488723237478404,0.39945067116543254,0.03814731275196854,0.017546554926205517,0.016788240512490688,0.030473508150451318,0.01056806061020657,0.010694666592186838,OPEN
0.4572693038741539,0.40705674814404,0.43216302600909695,0.03833940043541806,0.017821329813010028,0.017241532083102067,0.029861253495749862,0.011898881259712378,0.012411568227257195,OPEN
0.4344616367846825,0.40493851891603805,0.4197000778503603,0.03922703965569067,0.01729972946813512,0.016785558241922915,0.03056950274384732,0.012201783623038188,0.012555754707148403,OPEN
0.4499440191366797,0.4029317894823495,0.42643790430951456,0.03778249628571667,0.017125534855657425,0.016874481607966636,0.03249179193023274,0.013013390361494421,0.013170561370379254,OPEN
0.42982168468679693,0.4012722356459145,0.4155469601663557,0.03642342107915227,0.016015685355007258,0.015295467065588386,0.03251497011202207,0.012930615165439734,0.013164094332182642,OPEN
0.32477712129233116,0.3192767831071388,0.322026952199735,0.0345244658757722,0.011642475202474694,0.01078303808010254,0.033604818694923995,0.010182688742030432,0.01127578807759751,OPEN
0.1901637494934006,0.1955923830776851,0.19287806628554283,0.0340038486773734,0.006905364230958453,0.006027234492432618,0.03607594345247551,0.0066962181952242485,0.00741614130806674,OPEN
0.3440850981225215,0.3268238389433737,0.3354544685329476,0.031882496773181696,0.011857854415160745,0.010082729646021653,0.037167817914764895,0.011940330979521156,0.012354326892582366,OPEN
0.38709738232122143,0.3715380757713455,0.37931772904628347,0.032783032003213336,0.013462062517794512,0.01191838922819891,0.03776407683823474,0.013791506282187853,0.01427007860133009,OPEN
0.44085700221026025,0.41477899823740316,0.4278180002238317,0.03292366637509358,0.0153527113317924,0.013676546387996603,0.03789596869574706,0.015592896713226528,0.015844007152489382,OPEN
0.42441851213241316,0.4352103114009881,0.42981441176670065,0.03396217675220725,0.015276868159283303,0.013551484892616364,0.037417969951506175,0.01601907202551519,0.01655030068366044,OPEN
0.4271237576257487,0.4009872427289755,0.41405550017736215,0.03290648217347098,0.014566291069295675,0.013543989563059603,0.03719410820270181,0.014706002395122564,0.015122723392806573,OPEN
0.4049760483776233,0.3942341829763566,0.39960511567699,0.03506341978035036,0.014669051475860406,0.013730638894643757,0.0350340118348247,0.013442616822085156,0.014180593242087088,OPEN
0.3918945316356809,0.3829952581147029,0.3874448948751919,0.03572491906028958,0.01427799878211631,0.01372280206359328,0.03516716236585207,0.013065185515018828,0.013872527339923535,OPEN
0.3943023547105021,0.41684909458643815,0.40557572464847014,0.03675057951022962,0.014887506521012209,0.014094173554705935,0.03456312184986726,0.013971982203278329,0.014843229895117481,OPEN
0.39329485150180205,0.3835994742553245,0.3884471628785633,0.03616828034510656,0.014673526142680571,0.013776070752127889,0.03357041342085872,0.012560752527492444,0.013194433350058148,OPEN
0.4157172605440622,0.3686661631221014,0.39219171183308177,0.03551162143710865,0.01510990771133683,0.014415680251288372,0.03377835415444497,0.012030287906375321,0.012875584539022116,OPEN
0.4204393393727664,0.39074236243606625,0.4055908509044163,0.03551703604915433,0.015350242827244669,0.014515275518725682,0.033208611526055455,0.012696893241133135,0.013255129400691842,OPEN
0.43123971410766815,0.40360789806297503,0.4174238060853216,0.035460896499672975,0.01575550288541745,0.014828790851623723,0.033000943459279744,0.013086966970299015,0.013551915877090948,OPEN
0.42557194488250355,0.42404239596170584,0.4248071704221047,0.036284869577717795,0.015789318800168366,0.015094326231826329,0.032612940996197895,0.013456389095268933,0.014202150183502063,OPEN
0.40065085346198104,0.4258302831396303,0.4132405683008057,0.03699484115565866,0.015164467140531107,0.014479562224879023,0.033597273307531,0.013881985012085072,0.014731487798445861,OPEN
0.4043297099216069,0.4329604929554209,0.41864510143851386,0.03641614393573968,0.015187772155015163,0.014260485672987055,0.0348152697527351,0.014861662746392501,0.015285609962647783,OPEN
0.4208449265957301,0.4394191827900073,0.4301320546928687,0.03585702516140458,0.015624107206422402,0.014556387037562709,0.03485795479331321,0.014998618283685572,0.01563588973433185,OPEN
0.43245894490887127,0.4456853295654816,0.4390721372371764,0.03511933338367224,0.01586448990242494,0.014510849819586655,0.03645422630488678,0.016120117541151852,0.016374110188344372,OPEN
0.4265313591632948,0.4261817773247224,0.4263565682440086,0.035081553417715586,0.015746575240439646,0.014180190081196276,0.03643576524883976,0.015548351065759901,0.01550816731811387,OPEN
0.4157701604281596,0.4482299060484664,0.43200003323831304,0.03524757005636953,0.015462816637893857,0.013846959076185255,0.03700417329007845,0.0164526201579524,0.01672013407647367,OPEN
0.433067342819225,0.46043252060668377,0.4467499317129544,0.035185383951653514,0.015885193973857036,0.01459008749417654,0.0367200427779389,0.016546547636305187,0.01726765606975814,OPEN
0.4270203840661182,0.4422708659479566,0.4346456250070374,0.03541504212330114,0.01581663855786951,0.014429251220550107,0.03679501395094813,0.015956713169064735,0.01659001219624121,OPEN
0.42062584454839513,0.4353727130653638,0.4279992788068795,0.0355472166726546,0.015607326790410287,0.01429682927814998,0.03697232286123401,0.01584404561463191,0.016349435410216145,OPEN
0.44455346326037676,0.43399342926933354,0.43927344626485515,0.03538645784386933,0.01612190857175939,0.015340436202259482,0.03708164151769856,0.015868417598439672,0.016317959931964516,OPEN
0.4296758614538928,0.4400012242357376,0.4348385428448152,0.03554097230899491,0.01569461560514788,0.0148475801824048,0.036680181702403614,0.015929532476204628,0.016349117232289156,OPEN
0.44720820490481755,0.4385190566631205,0.44286363078396906,0.03531679879536772,0.016464022578650195,0.015123901805871847,0.036257157896768304,0.015591561368522144,0.016207347987831154,OPEN
0.42331219997190617,0.4542154142419302,0.4387638071069182,0.036403901601676544,0.01593858252019153,0.014881848828941464,0.03551945822247159,0.0158613655368363,0.01640560532350143,OPEN
0.4194675334125778,0.41973090675379415,0.41959922008318595,0.03704629123269756,0.016067303759685375,0.015012129051241928,0.036377552297738654,0.014886870235734923,0.0156506957870919,OPEN
0.40130372559965866,0.4245783927037397,0.4129410591516992,0.03654991184010773,0.015039442035150351,0.014295789548398264,0.035729130090037656,0.014632882895188359,0.01570675035747366,OPEN
0.41458226561793643,0.41631390279098235,0.4154480842044594,0.03691522913331712,0.015795304362332993,0.014813494297458736,0.03503033427246056,0.014106147417831536,0.015061082936249987,OPEN
0.4196990349779463,0.40064679616912,0.4101729155735332,0.03787196854716159,0.01618150184022336,0.015608155463694347,0.03265198872263771,0.012619857203983597,0.013543972136566478,OPEN
0.43060554281981134,0.3892054555769691,0.40990549919839026,0.03794023201762867,0.01652963902708813,0.016144909378233027,0.03343586616254426,0.012587372650215752,0.013439470394591453,OPEN
0.4299854676486184,0.38616473957767433,0.40807510361314636,0.038413229554984746,0.016763860452697107,0.016270400495490587,0.03326812666805304,0.012446430776846066,0.013247524165165501,OPEN
0.4493984998998452,0.4069316823151942,0.4281650911075197,0.03773573177239124,0.017362103749249493,0.01655465875302161,0.032427893671784794,0.012895116401018295,0.01349675825057696,OPEN
0.4721480293920715,0.4239351348285673,0.4480415821103194,0.03724239891957525,0.018007495865482066,0.01716035465393967,0.032619634664486585,0.013501924145697794,0.014155294293397664,OPEN
0.4446056479323437,0.4150852918644113,0.42984546989837746,0.03682216650702344,0.016737321907501452,0.016005364488754153,0.03257173923820811,0.01307685211323063,0.013963247663215592,OPEN
0.4350085078058784,0.4233583668381719,0.42918343732202513,0.03675011060034021,0.01641954129503143,0.01555368025287855,0.03279995996330824,0.013383539733470316,0.01438873523137689,OPEN
0.42702240092800864,0.43199311292393533,0.429507756925972,0.0376679373404361,0.016221793956630415,0.015948312125607204,0.033090804025388575,0.013707664906736663,0.014882333973430336,OPEN
0.43308940788253514,0.4315374904426578,0.4323134491625965,0.037180631720281354,0.016380591444968867,0.015824484107901646,0.03380119171415312,0.01389469370231909,0.015278269190274503,OPEN
0.45222474322911965,0.4265754272815091,0.4394000852553144,0.03696972346909201,0.01693804472358543,0.016499202682537954,0.034252418979952425,0.013832645020096424,0.015389835503500532,OPEN
0.41492903685813104,0.42496282900104143,0.41994593292958626,0.03748942705974648,0.015907107371200078,0.015203796353327447,0.03411962554172084,0.01397011037717977,0.01502903481215199,OPEN
0.42098485860198537,0.4147646916879578,0.4178747751449716,0.03622941314070341,0.01582209344193798,0.014681975294605886,0.032861445596690096,0.013160765748367163,0.01409876895429637,OPEN
0.4352661948386035,0.4363205397349912,0.43579336728679735,0.035200914327622054,0.015937849085445783,0.01470568698300168,0.03254623724947448,0.01381424606982897,0.014586937536238591,OPEN
0.4410035247819475,0.44806429223743066,0.4445339085096891,0.034886060553103705,0.016075710435039033,0.014694040904311348,0.03207392660571373,0.01392564850571292,0.01481671394201592,OPEN
0.4423304844947736,0.44618281947964183,0.4442566519872077,0.03476445527280338,0.0160129256947688,0.014741830993263209,0.03184017118681698,0.013805455530486059,0.014607619175210848,OPEN
0.4320746107492707,0.4536078650664185,0.4428412379078446,0.033977430376994945,0.015265341549162863,0.014096228459638213,0.03186154689775854,0.01389094796054157,0.01501434857147007,OPEN
0.43567074333416655,0.4493959809420522,0.44253336213810934,0.03364009341552082,0.015040461060179623,0.014271547948161892,0.030217540675367967,0.013167889599173352,0.013991393067753348,OPEN
0.42467533968296706,0.4317221144100305,0.42819872704649875,0.033082138541281524,0.01442846760687069,0.013669869238044724,0.02946014734892131,0.012366252239453484,0.01307094196916124,OPEN
0.4286806015215114,0.40686140159999096,0.4177710015607512,0.032354822137821794,0.014177173202139856,0.013562596030186065,0.028698070807204427,0.011325461190623868,0.012026813433046086,OPEN
0.4039538064592455,0.45430373412934205,0.42912877029429375,0.031699887062462025,0.013262127745486095,0.012348452340933356,0.028076267593159444,0.012226420261439106,0.013283886154534835,OPEN
0.41531237359411216,0.4144291049880795,0.41487073929109586,0.032160296029905985,0.013550909742936042,0.013162228016403071,0.02769748074633019,0.01091625114197322,0.012041033170279148,OPEN
0.38078318993896754,0.4190308703345634,0.39990703013676543,0.03169956357982519,0.012296114046976517,0.011845207832221389,0.026469522510819375,0.010567376456798883,0.011615717653299037,OPEN
0.4194117565730888,0.41404368370494504,0.41672772013901693,0.03104304208771582,0.013327385968264088,0.012712247654498349,0.026543571054001847,0.010528338540400178,0.011452057335365572,OPEN
0.4186267852853248,0.4152530194967906,0.4169399023910577,0.03005061338235267,0.012863311821916561,0.012296671530296358,0.027412163732336896,0.010808333414158985,0.011957634107427634,OPEN
0.41545994454901297,0.4196084531383935,0.41753419884370324,0.030248769209459913,0.012871924874097008,0.012262379082779207,0.027487428938499404,0.010974432848316996,0.012093482226953505,OPEN
0.43160869852254835,0.39710653500390797,0.41435761676322813,0.03000338246130612,0.01324612694361894,0.012653314767178236,0.028015106083115568,0.010569894823984675,0.01168006858488118,OPEN
0.42732770463497843,0.3738313397147718,0.40057952217487514,0.029867396940284934,0.013127911879440592,0.012398420476386887,0.028493240789797567,0.010161845988782899,0.011141486765748315,OPEN
0.4179845439633971,0.36168947458270306,0.3898370092730501,0.03038495134017578,0.012949403959502316,0.012451476099044458,0.02837201940424895,0.009783510844216175,0.010740210738129943,OPEN
0.40586631228182196,0.4036299650546053,0.40474813866821363,0.03002165783407471,0.012578837102070166,0.01179072200533498,0.028737344482444305,0.011147549732920387,0.012050956965501914,OPEN
0.40633403084398173,0.38328398074769837,0.39480900579584005,0.03152962086482612,0.013241889829855595,0.012381226044119018,0.02875149821654042,0.010499492334743258,0.011540485043048668,OPEN
0.4151732471494958,0.40730687539948823,0.41124006127449203,0.031013351682039177,0.013158340400743063,0.012593487444899904,0.029070059821795485,0.01124282633388449,0.012438044133498955,OPEN
0.41750200483246996,0.42323556372229615,0.42036878427738306,0.03177964132506369,0.013624349982453996,0.012911777949687809,0.028160920539534402,0.01136179002659014,0.012475616132387122,OPEN
0.4241228366527685,0.41106170706373174,0.4175922718582501,0.031664168600213365,0.013719160265591095,0.013139833748356932,0.030306291286837445,0.011882565236605061,0.01303294642567114,OPEN
0.4265401580019833,0.37770215271920443,0.4021211553605939,0.03237016365674775,0.014154219150660473,0.013460130290738012,0.030935829551579818,0.011160304734484828,0.012208754101087326,OPEN
0.4469182427551691,0.396480643263047,0.42169944300910805,0.033170764809656986,0.015086278278405113,0.01456296156074869,0.03193811940871972,0.012042979202161963,0.013282713053400438,OPEN
0.4507928107507772,0.41934002803647213,0.43506641939362467,0.033325910407530045,0.015328720812429577,0.014717440834448516,0.031917708241242564,0.012829540614908477,0.013939204722576714,OPEN
0.4463445322036018,0.4215397678075513,0.43394215000557657,0.0344967527351566,0.015746130097258428,0.015048743826975162,0.03326830697394507,0.013510082840268639,0.014537745954025648,OPEN
0.4361968708293986,0.44269991406181997,0.4394483924456093,0.035002782535528985,0.015602605482427073,0.014933602942212259,0.03336926128133602,0.014179379263957995,0.01536575893914975,OPEN
0.4226411657225502,0.41165852196904823,0.41714984384579923,0.03601560118825751,0.01557939893596971,0.01486395240483753,0.03336295930261162,0.013111605516057152,0.014356687513996061,OPEN
0.46785780381223135,0.41851474514896003,0.44318627448059567,0.03680184469992542,0.01748102686113046,0.016955033613961376,0.03445166382850796,0.01382050053205756,0.015016558082233742,OPEN
0.4578814191878202,0.4302764997514674,0.4440789594696438,0.037810820480542996,0.017536167774271093,0.017089576510302754,0.03489027117898137,0.014515887788544677,0.01550903972799854,OPEN
0.4527925840806315,0.4573113764689529,0.4550519802747922,0.03924263591508835,0.017956681190575054,0.017580867853681452,0.03518994850887398,0.015401980358204352,0.016783547222725122,OPEN
0.4411079632858898,0.45621774989194785,0.4486628565889188,0.03960444226728865,0.017675372757250413,0.017264296973944198,0.03667432301080848,0.015950673246707917,0.017512280998895145,OPEN
0.4436217146768341,0.4462446461319835,0.44493318040440877,0.039358862024776405,0.01776726597986469,0.017153625738455785,0.037882570325656596,0.016269412825595523,0.017540375553489695,OPEN
0.4203209760167994,0.4121241705426528,0.4162225732797261,0.039102387433910445,0.016828189480405334,0.016042917821211207,0.036493727365853657,0.014329071245945065,0.01575082299537923,OPEN
0.42893623641424755,0.4082372717916918,0.41858675410296964,0.03951792118818649,0.017307177032666165,0.016594159738084962,0.03619312261949243,0.014268663969132952,0.015282099302474567,OPEN
0.4240295900047075,0.44143205899859655,0.432730824501652,0.037724301265164996,0.016419303579725555,0.015573136417638415,0.03557249505262583,0.015191933361825019,0.016213746107771,OPEN
0.4250866642929052,0.44263149445134914,0.4338590793721272,0.0375651395105299,0.016319438522278684,0.015617441174178858,0.034845260399669446,0.015076669378042218,0.01577054999246199,OPEN
0.43778395844601636,0.4194577192884227,0.4286208388672195,0.03624897769493859,0.016145656776758405,0.01559278511306473,0.03380178705376706,0.013689998256769448,0.01466684275412268,OPEN
0.434580315975781,0.44310605938534453,0.43884318768056274,0.03645964419614539,0.016320905289297482,0.015368382100953345,0.03263449545151098,0.013976484908022857,0.014944600451073103,OPEN
0.44951152231618685,0.4529323087818987,0.4512219155490428,0.03626499410523348,0.01682782599395004,0.01577523942011205,0.0335333886008877,0.014743584464432906,0.015633125776128434,OPEN
0.4092988059614427,0.4203566171869429,0.4148277115741928,0.03566937017861502,0.015116088960726717,0.014082772286280921,0.03407557554429597,0.013932494014422907,0.014715293314573843,OPEN
0.43011509326355224,0.42809938679430515,0.4291072400289287,0.035704817986304205,0.015637671849866176,0.015076690386408607,0.033701690236599774,0.013831982356710439,0.015023363491729532,OPEN
0.4134961282643734,0.4444474440892781,0.42897178617682574,0.03517651517768581,0.014864904756893903,0.014225800906718192,0.03347713821625984,0.01417076641143455,0.01558689061984581,OPEN
0.4177311148236301,0.41989131225730725,0.4188112135404687,0.034443204090052054,0.014734499053456657,0.014041497031813864,0.03298764277078318,0.013188247817858193,0.014514201404740652,OPEN
0.41182448373705643,0.405736069925979,0.40878027683151774,0.033466128983785925,0.014056192553810234,0.013508150029040523,0.03196204327924623,0.012295776485413764,0.013640531168437069,OPEN
0.4051650657878313,0.4032970117100169,0.4042310387489241,0.03334823529442983,0.013811308217182827,0.013211771676768652,0.031005309493823872,0.01178563586402156,0.013223061467985209,OPEN
0.3969273593573481,0.3699422558271789,0.38343480759226345,0.03373960368285584,0.01373196590967146,0.013052377681527389,0.031594787078870215,0.011084293258445583,0.012292200350227718,OPEN
0.41606953881718667,0.390480767506914,0.4032751531620503,0.03258996654907148,0.014009272551226514,0.013110112153052907,0.02932751102402508,0.010964272886627968,0.011939385140829624,OPEN
0.4151879952919951,0.3980185240661235,0.4066032596790593,0.032356147747331046,0.013756940041286006,0.013110828195885958,0.02967575723070342,0.011251061969256808,0.012371940217761524,OPEN
0.4276713579599216,0.4262641418444375,0.42696774990217956,0.03314453072413779,0.014394939041961721,0.013954993885510981,0.029504613711024228,0.011885664266266518,0.01326785342169622,OPEN
0.4392794269545049,0.4301550950210212,0.4347172609877631,0.033460009814056245,0.014842637883297398,0.014553949990724077,0.029465072397386074,0.011945469853482011,0.01340363218031574,OPEN
0.44644391717418996,0.4331535242591763,0.43979872071668313,0.03231454649980105,0.014617397128561733,0.014235868313595643,0.02885804322429761,0.011886258174155812,0.013113668077500498,OPEN
0.38131072801935606,0.4371862907710774,0.40924850939521673,0.032525066521333634,0.012687696265958545,0.01211661732229688,0.028006598024436953,0.011698205294108949,0.0127899961207314,OPEN
0.3805317001785177,0.4186173006407668,0.39957450040964226,0.031583051680606704,0.01225578131472131,0.011780923390973209,0.029140727611253414,0.011537992851540078,0.012859632611121451,OPEN
0.40326768139989494,0.43815096158375355,0.4207093214918243,0.030373928172523917,0.012457534570684948,0.012040112607596387,0.028607763417589988,0.011982243826988377,0.013086794273366786,OPEN
0.35512300762394866,0.353703812040114,0.3544134098320313,0.02984031578925406,0.010710881766332631,0.01048308361672398,0.028663833436734558,0.00973017199977518,0.010546842308736608,OPEN
0.3741518009282804,0.4070561887025307,0.39060399481540553,0.03061648006075802,0.01158321516976485,0.01132720713586995,0.02863272686922082,0.011072873108032299,0.012237384235058844,OPEN
0.36820400373424994,0.4179228186324083,0.3930634111833291,0.030177868461791865,0.011252618609400628,0.010970605374194004,0.027882783937222905,0.011121103441496557,0.012184599867228717,OPEN
0.3979690472170426,0.43087260297237756,0.4144208250947101,0.030745542027443805,0.012436536915003288,0.012035011218663417,0.026951313604226534,0.011020349853973634,0.012204815438382243,OPEN
0.40601752447158,0.42289185233871474,0.4144546884051474,0.030230664852940698,0.012205752815492271,0.012342606597949696,0.025157630927668765,0.010068463119754857,0.011209451167156305,OPEN
0.4337540129085257,0.45809582057801596,0.44592491674327084,0.029599983872187305,0.012795275980141123,0.012882947593036646,0.024521135785495484,0.010818195726855113,0.011647863911467899,OPEN
0.4621714241183899,0.4586346034478531,0.46040301378312154,0.029505775974998642,0.013663361395535954,0.013610091608630638,0.0247951332192035,0.0108477517730326,0.01189606040981957,OPEN
0.4409667974083898,0.4405437327439175,0.44075526507615365,0.02889012299984657,0.012667602904549873,0.012811567127403738,0.025151466913913227,0.010604868386783657,0.011555773849697287,OPEN
0.4142649852997024,0.4477688985373689,0.4310169419185357,0.028700325310009652,0.011884116574683074,0.011894963110612578,0.025062574509508502,0.010843854266346618,0.011600628498920103,OPEN
0.4206721167292279,0.46052920224600646,0.4406006594876172,0.029421101670316578,0.012320347308936304,0.01243292692337949,0.024364078032007633,0.01077078377102424,0.011669955068055612,OPEN
0.4423814982347149,0.4738876009116538,0.45813454957318434,0.02846823969296984,0.012527276267225888,0.012660368787736069,0.024351271069967585,0.011145629880753414,0.011933900972239184,OPEN
0.4484090589441268,0.4840303662264294,0.4662197125852781,0.02865896946621737,0.012822887453894349,0.01287899560341564,0.024218177658710607,0.011326914685624068,0.012117752117340785,OPEN
0.427504612777527,0.44962700732877425,0.43856581005315065,0.02771539063983825,0.011896234490146818,0.011800680196777078,0.024099487840269117,0.010389659037607149,0.011281902153945627,OPEN
0.43590986821896327,0.4498188825973813,0.44286437540817225,0.028048550930200027,0.012247852696712584,0.012205427582720162,0.02420681014601185,0.010379464079123261,0.011397896503128745,OPEN
0.427633720968321,0.4339501456136021,0.43079193329096155,0.02854030048286477,0.012238444520125822,0.012171145265957035,0.024346547380960166,0.010101327278068449,0.011029048284243807,OPEN
0.4300353792682685,0.4391706086228567,0.43460299394556257,0.028349799629618942,0.01225069340752932,0.012132140264275882,0.024526877999044787,0.010364190996015866,0.01117877688090224,OPEN
0.4191647846341531,0.4156665844537978,0.41741568454397543,0.028402400136303994,0.012072614515814267,0.011737957356639541,0.02535693042847934,0.010097798642395581,0.010982258684481584,OPEN
0.42873259290439014,0.4019968301485307,0.41536471152646043,0.029705774217496206,0.012795939360473067,0.012675727848525989,0.02585622226784722,0.009839502969167831,0.010948735813413045,OPEN
0.4556749665097196,0.4112943121568072,0.4334846393332634,0.03061061363142832,0.013914615660974437,0.013982365021711698,0.026730438262238206,0.010479848774689675,0.01150830566274485,OPEN
0.43048351279430314,0.3938062459576985,0.4121448793760008,0.030804272929848504,0.01324938876048113,0.013272074479350157,0.02767092715963209,0.010402082625247671,0.011391885268559597,OPEN
0.45378744165917406,0.38076644623970257,0.4172769439494383,0.031084872552469344,0.014081886565710787,0.0141299630140623,0.028987908436282347,0.010518036746280485,0.011557209012129758,OPEN
0.42914335486919086,0.39755545079889465,0.41334940283404276,0.02978877921536915,0.012934338703296331,0.012632974596585949,0.02829537130820257,0.010764826044707687,0.011733132147201477,OPEN
0.4355004801985747,0.40184436811914337,0.418672424158859,0.03028987107963709,0.013467420433468031,0.012915086367201716,0.029331231322692265,0.011428795716030615,0.012144384518016783,OPEN
0.41724557724306693,0.39097323305328185,0.4041094051481744,0.030726109393033028,0.013108063181182206,0.012532603319077166,0.03066484164889662,0.011521924401933403,0.012456340159138683,OPEN
0.4282785850548219,0.4210640441107042,0.4246713145827631,0.03304237364112698,0.014391908752185358,0.013910773307563854,0.02978809383302291,0.012290718816602753,0.012794671694760753,OPEN
0.4424170251918015,0.41460057625194446,0.428508800721873,0.03320970503717298,0.014963163082215668,0.014421914737870842,0.03026973462567233,0.012415030278729233,0.012684668558865136,OPEN
0.44708154231547337,0.43722337931403343,0.4421524608147534,0.033265333761794864,0.015215066171806804,0.014529567275917667,0.030330530151002465,0.013153543415512494,0.01336889036250246,OPEN
0.46270832079149377,0.44502893848828384,0.45386862963988883,0.03342475802158693,0.015740752959580596,0.015191074354480404,0.030708851630251912,0.013446050370408205,0.013886604916002224,OPEN
0.4405876383361936,0.4465908541549202,0.4435892462455569,0.0340423905386785,0.015150588041749813,0.014846724859759674,0.03004931364901223,0.013172742935149877,0.013666754363413074,OPEN
0.43543491033728365,0.40006051084928484,0.41774771059328425,0.03461879682991674,0.015377112703639707,0.014771352683599167,0.031090490535626004,0.012183172663593016,0.012692982388881772,OPEN
0.4288216852072698,0.41085129640584106,0.41983649080655544,0.03490312762040465,0.015258502390715082,0.014675933619657576,0.03144875977585876,0.012585390479836747,0.01325613696869813,OPEN
0.4209906065002854,0.3918704690636982,0.4064305377819918,0.034117319867655864,0.014609570608837408,0.014116571757659952,0.031983155876136996,0.012330345760691828,0.01273616282994653,OPEN
0.42581777109340163,0.3957529730223139,0.41078537205785776,0.03337604611360766,0.014484157634798765,0.013940069493215242,0.03175822406292819,0.012439993421353497,0.012696829760271745,OPEN
0.41157276868849824,0.39174405084719344,0.40165840976784584,0.033985340629579905,0.014327018183705973,0.01364786329176985,0.03193796070071239,0.01231552975168192,0.012707482449709161,OPEN
0.4302399111578064,0.40696750400209075,0.4186037075799486,0.03448194457829043,0.015150987177439248,0.014520030366384908,0.03220201655491241,0.012842768253864883,0.013367580348508531,OPEN
0.45576462544771684,0.40885790877616524,0.432311267111941,0.034753634098412624,0.0161232072744973,0.015555746781122759,0.03180869329648626,0.012836752886423134,0.01317371875778446,OPEN
0.4582154635745321,0.42370403377277865,0.4409597486736554,0.035789537407154896,0.016595542922423812,0.016203096025851266,0.0317466677439617,0.013174151839929323,0.013728230523992134,OPEN
0.4523009339394216,0.42620788878268717,0.43925441136105436,0.036129483366795445,0.016548770460453336,0.01613402767864742,0.031388486726059935,0.013094408713357052,0.01366163260583776,OPEN
0.44817665024185066,0.4421200307767982,0.4451483405093244,0.03615524592486489,0.01649577880344266,0.015912095211109877,0.03160441939084851,0.013707128196667036,0.014238765550862521,OPEN
0.4476353976948003,0.44460535007550345,0.4461203738851519,0.036092735711808,0.016425761640800805,0.01588701056769619,0.03132953846744725,0.013665861543865515,0.01419269929218116,OPEN
0.4598391362868298,0.4456453150123881,0.452742225649609,0.03572972836585212,0.016754055057549858,0.016105799805483108,0.03149911250863003,0.01372567231052688,0.014349191522511287,OPEN
0.4661797868558667,0.4399269389469609,0.4530533629014138,0.03592797543097255,0.016990546671186324,0.01650724518596088,0.030968049035436325,0.013375430626705884,0.01387192740793189,OPEN
0.4678944996237713,0.4422074141276568,0.45505095687571406,0.03601885336351984,0.017079567546314973,0.01662647919677724,0.030632823665139135,0.013283661662615529,0.013808461818163803,OPEN
0.4732114720612306,0.4481429811749739,0.4606772266181023,0.035746302378300114,0.017169547534189717,0.016661573204172813,0.03070540707334987,0.013483722641874047,0.014037102686210235,OPEN
0.45650955901365564,0.45414293188131816,0.4553262454474869,0.036303926165814814,0.016857627431510532,0.016288551217330333,0.031028888349338687,0.013796726576423782,0.014386374079549711,OPEN
0.45382584714620927,0.4332293738336487,0.44352761048992895,0.035725434964863745,0.01658963326130907,0.01583661831388312,0.03147062599108853,0.013356018352458364,0.013911980832086104,OPEN
0.4552124896500962,0.4308319830563389,0.4430222363532176,0.03566216518552305,0.01659452302644145,0.015873202974388417,0.03143317309113064,0.01323123910794825,0.013853593485261677,OPEN
0.4495885207633965,0.4337807792685084,0.4416846500159525,0.03571469727093543,0.01640712543768089,0.015706710393423855,0.03097781032802064,0.013137628992164418,0.013737528416077264,OPEN
0.4613672233544955,0.4414701551231135,0.45141868923880446,0.03606606294673573,0.016836970997380407,0.016442427640747423,0.03094043931223286,0.013330262164238754,0.013988298921258687,OPEN
0.45583867510860665,0.44514322280018953,0.4504909489543981,0.03578643408351865,0.016617159863915716,0.01600852153506953,0.030582029010338935,0.013364747121534355,0.013862018785327975,OPEN
0.459296431530991,0.4223139166266001,0.44080517407879555,0.03579218783747145,0.016684013588355067,0.01619443471252008,0.031184067521662372,0.012875299161740477,0.013463632221102705,OPEN
0.4618566642927969,0.4350061946914944,0.44843142949214565,0.03552444629262594,0.016636582423227884,0.016177822107893782,0.03096536418640134,0.013236554334222826,0.013703696149702632,OPEN
0.4605613826931346,0.433344817146287,0.4469530999197108,0.03554727519847768,0.016578033235478035,0.01616537119729047,0.03113156128573542,0.013202867571449806,0.013778533894241076,OPEN
0.45574376316866066,0.44645789447265266,0.45110082882065666,0.03500989090517415,0.016206065291612812,0.015705013566883863,0.03064686905526175,0.013353028752163033,0.014012044509019477,OPEN
0.46931230816792313,0.426881042840142,0.44809667550403254,0.03572410106109872,0.016873845288297006,0.01665767536411978,0.031227103934920158,0.013015082696772522,0.013645434688459917,OPEN
0.43270943841735365,0.43473469837632095,0.4337220683968373,0.0348578233396987,0.015371442926398474,0.014795175397146225,0.030883395374158545,0.013118137614091443,0.01373402953155152,OPEN
0.45007590282351606,0.4275967091109737,0.4388363059672449,0.03393032006305935,0.015643983639131956,0.014898455231812636,0.030643771304716995,0.012783205533460748,0.0134231459958318,OPEN
0.4691604056996627,0.433018849642637,0.45108962767114985,0.03442429123385207,0.01645746896712026,0.015843559915274502,0.030977741731869356,0.013034631584721429,0.013793260593800125,OPEN
0.46650097118942785,0.4274067111960177,0.44695384119272275,0.034673534592799045,0.01643458016578129,0.01591589495844067,0.03093303558852735,0.012881031336393726,0.013560942680009964,OPEN
0.4602805324349272,0.4251539308256181,0.44271723163027266,0.03478692625822283,0.0162614741767149,0.0157620157031038,0.031147258579984134,0.012960823500092884,0.013523935339351546,OPEN
0.46228865888852694,0.41057219438845954,0.43643042663849324,0.03508415900299159,0.016446248404442323,0.015991769223007317,0.03155691492829951,0.012650127515634197,0.013262656104849538,OPEN
0.4552732114986607,0.4118131515738139,0.4335431815362373,0.034464606575511834,0.01597518063201666,0.0154064436053256,0.03228388138455687,0.013098827000883375,0.01349102687513572,OPEN
0.3963181369084222,0.4132037646992159,0.404760950803819,0.03505757591515111,0.01422691262960916,0.013560993712827367,0.03205201751880789,0.012981204470312022,0.013506824139641257,OPEN
0.4284393422651733,0.38363698722438216,0.4060381647447777,0.03485949702357788,0.015252588186913127,0.014617771766039818,0.03190836744573949,0.012089655352645515,0.012392804555618588,OPEN
0.42895483929893047,0.4182446923731711,0.42359976583605075,0.03548589006576986,0.015506206486245781,0.014937482054837867,0.03218482661736164,0.013305043564646271,0.013617222250678263,OPEN
0.46182259350304444,0.414355457691638,0.4380890255973412,0.03579751159816886,0.0167843704022527,0.016279828892190613,0.032310934168232414,0.013138308933493577,0.013638114897951076,OPEN
0.4646992666090432,0.41291599453952055,0.43880763057428185,0.03598857537501554,0.016983378901707542,0.016464350264440444,0.03230672083256913,0.01318448888071047,0.01349543464507139,OPEN
0.45638085051566557,0.41932310233682546,0.4378519764262455,0.03583494895208911,0.016628723449639164,0.01608004551224061,0.03229075338587354,0.013445616290316745,0.013634901482798941,OPEN
0.47004192766409986,0.41781437008705713,0.4439281488755785,0.03540995006921352,0.01695185722432649,0.016336465153718806,0.03203874269164817,0.013244194361631413,0.013528299830553158,OPEN
0.47302738707625996,0.41838862750040773,0.4457080072883338,0.0360756514005202,0.01730171871622083,0.01682782352190335,0.03207669417027403,0.013290690030316963,0.0135503580669856,OPEN
0.46112834465360886,0.42649545798396904,0.44381190131878895,0.036096463706413034,0.01682164134134216,0.016468563772232464,0.03146606729737528,0.013224933531541336,0.013615336034355581,OPEN
0.4565212663837271,0.42567376839748217,0.44109751739060465,0.0353709126572837,0.016404726741888195,0.01589042093701451,0.03195570375347164,0.013363672321289379,0.013841737355778299,OPEN
0.4532314581935077,0.4121742016798132,0.4327028299366604,0.035577034493112905,0.016337261016230772,0.015912001426797794,0.0319594752034641,0.013023304402434887,0.013322437953752314,OPEN
0.45577409947229036,0.4093423493990015,0.43255822443564595,0.03543516890419496,0.01641256289167683,0.015888301502239098,0.03167672223882133,0.0128313606868456,0.013101887118151846,OPEN
0.45385171524658574,0.42158449657867686,0.4377181059126313,0.0354527493608261,0.01638469395788851,0.015795888257347932,0.03179219694621432,0.013235870744245055,0.013570323945154766,OPEN
0.46134405336603995,0.42915264005480497,0.44524834671042246,0.035606219592822896,0.016692931859709232,0.01616050348427922,0.03176707001714875,0.01348629275838064,0.013779551170949807,OPEN
0.45459911446533635,0.4249316938988586,0.4397654041820975,0.035709735489608666,0.016501195077305113,0.015966033185429874,0.03193766113653091,0.013450370192141506,0.013692278699686148,OPEN
0.4615427991797429,0.42528706067820193,0.4434149299289724,0.035708439965786834,0.016764470959310357,0.01619747571299176,0.03182104365277724,0.013350086379853401,0.013716069865751374,OPEN
0.463605565644388,0.43383487251856573,0.44872021908147686,0.036107613228447924,0.016834867867837097,0.016644513041849673,0.03149189964481458,0.013466039225298708,0.01385852931025249,OPEN
0.42645091393131984,0.39136323183643895,0.4089070728838794,0.03557658565273445,0.015447906845382298,0.014895428086946676,0.03265919086782225,0.01241736898744731,0.013145843986940747,OPEN
0.42460173934595397,0.4472734560098695,0.43593759767791174,0.03427114761974514,0.015035068894097683,0.014068108883353789,0.032456944858762375,0.014006420257645523,0.015027839539355305,OPEN
0.40734494838168683,0.41037973914220444,0.40886234376194563,0.033436803571421155,0.014334525958161287,0.012906100091537016,0.034147598619829425,0.014015412877915554,0.014011552349961045,OPEN
0.39137287905706253,0.45860874048669464,0.4249908097718786,0.032830730026711066,0.013623408768502609,0.012074705895695514,0.034547132458698636,0.01576206498206009,0.015925168826561486,OPEN
0.3775209506141173,0.44978806563359564,0.41365450812385646,0.031192991752512566,0.012361069822224357,0.01119094597558937,0.0367828885448947,0.01676321483850672,0.01632579373554194,OPEN
0.39548022318662995,0.3987651903267508,0.39712270675669037,0.029882015748485025,0.012478146567300405,0.011157345947654093,0.03712206758831671,0.015049776521802762,0.014556200172552476,OPEN
0.42390884583084404,0.4254443377664903,0.4246765917986672,0.03023620406398052,0.013550139212662947,0.012084649521472767,0.037551805983336545,0.016241425756321835,0.015710980700710857,OPEN
0.41351460725115846,0.41963953412582367,0.41657707068849104,0.02991958938553196,0.013015890902115036,0.011728483605633323,0.0378745599899061,0.016202146508557703,0.01558517891021181,OPEN
0.39663347059720117,0.39698823298334857,0.39681085179027487,0.030084080733054575,0.012509285766807805,0.011355420934947852,0.037174498544666916,0.014805427007753771,0.014710249970824993,OPEN
0.30087295028295935,0.13753283489151188,0.21920289258723563,0.031074347842849355,0.010028463019508847,0.008670398407685152,0.035573464070993904,0.004532577465339643,0.005252461255850626,OPEN
0.330137385405935,0.23042086150543728,0.2802791234556862,0.032095728219974445,0.011144075220412428,0.010047924374071267,0.03422075810459916,0.0074036392891343485,0.00836671383852748,OPEN
0.38604268757493093,0.3269481231342993,0.3564954053546151,0.03384036243754071,0.013317423046783131,0.012810225881012782,0.03055248835019245,0.009625387040194876,0.010352770406161055,OPEN
0.3531952407262509,0.3700398781226928,0.3616175594244718,0.034302952496905646,0.012329234784203958,0.011902044345327522,0.0295885078208992,0.010536768289303148,0.011361087366452614,OPEN
0.3610422431714394,0.3181604661147006,0.33960135464307,0.03493779377032925,0.012698168704167095,0.01252987016443453,0.029179949581539525,0.0089799061735605,0.009587906546571656,OPEN
0.4064051570896159,0.3696123620309997,0.3880087595603078,0.036144084269605595,0.014804329099768858,0.014573955391129895,0.028776440876175705,0.010166567676421906,0.011105688889755518,OPEN
0.391234023469978,0.3606297504650023,0.37593188696749014,0.03668280959452199,0.014441643753599891,0.01426148262609601,0.02739541956400208,0.00945657950139574,0.01030262714110448,OPEN
0.4157039233358312,0.3451285463406118,0.3804162348382215,0.03616168806688375,0.01517844785022823,0.014886663357471944,0.027018969178564736,0.009094055377657844,0.009555979734781837,OPEN
0.45824072864242255,0.36006145853825516,0.40915109359033885,0.03606958692489731,0.01674624022103927,0.016310867367553012,0.02676146194545267,0.009371509989894241,0.00990003205149716,OPEN
0.42276512537319927,0.3300946247617731,0.37642987506748615,0.035585982532245826,0.014993671189007253,0.015095353544539518,0.027554777597966654,0.008813093213763529,0.0093782747294263,OPEN
0.39434552174263865,0.4051114464036571,0.39972848407314787,0.03505500369579272,0.014050101319725746,0.013597466124489269,0.02865631261274155,0.011235964610212068,0.011982035892074116,OPEN
0.3864940109991646,0.4363014815526848,0.4113977462759247,0.03523086403300074,0.01374604177106972,0.0134869941310916,0.030902337193371546,0.012823317476485158,0.014142153525332121,OPEN
0.4127227146873437,0.38910713126966306,0.4009149229785034,0.03343533790079893,0.014007775930984578,0.013591270918828151,0.0323130488283133,0.011971115943003357,0.013175359521319709,OPEN
0.3873706123061665,0.3870586441767328,0.38721462824144964,0.03347433564904859,0.013241244258109458,0.012692703535718716,0.0337880744112074,0.012513562180214209,0.013642370361674783,OPEN
0.38224493274040444,0.38177709260387155,0.382011012672138,0.03459447748703824,0.013581436389406202,0.012865691051038537,0.0334964641316782,0.012437069679975843,0.013139295697428097,OPEN
0.41291695709984294,0.4203468503660371,0.41663190373294,0.03319337365702232,0.014031994870085404,0.013380218822586077,0.03330860229910922,0.013371919871112036,0.014630412261938968,OPEN
0.4467555875579582,0.39746106819668736,0.4221083278773228,0.03288119147101737,0.014711456085638298,0.014668255944841878,0.03145204547623437,0.012095943057017357,0.012905984126892443,OPEN
0.3828023920387993,0.4072790755856959,0.3950407338122476,0.032454057215601156,0.01268787554074149,0.012159105926250866,0.03165831094392771,0.012286177271836313,0.013501357959858485,OPEN
0.38965050284642094,0.42941479933063764,0.4095326510885293,0.0335192229341166,0.013555266774230844,0.012566297368368791,0.03145271004693599,0.013034399036859608,0.013978119309559892,OPEN
0.41195993446999346,0.39282417474739734,0.4023920546086954,0.032269370469670676,0.013673914964998654,0.012913460523148292,0.032312267608459636,0.01195125871267953,0.0134348210023409,OPEN
0.4089285856340726,0.40857400029018737,0.40875129296213,0.03359761570802161,0.014234913696326268,0.013243137247990486,0.03192107504059354,0.012549979782478122,0.013534262863318996,OPEN
0.411168591026708,0.4334198277096241,0.4222942093681661,0.032879659787816096,0.013905219810361552,0.013132946966426154,0.031463160333443554,0.013460215842698423,0.013813299219144346,OPEN
0.35938314563318974,0.4049219380002097,0.3821525418166997,0.032803268085766606,0.012386075073980313,0.011191808269442934,0.032117992512708346,0.012623531535153134,0.013387028010691042,OPEN
0.35502677906163427,0.3860078847027663,0.37051733188220026,0.03365772468514631,0.012480287632601143,0.01141849953842036,0.03319513520148873,0.012748288047977811,0.012878879795120191,OPEN
0.38662809448246244,0.42351932515849755,0.40507370982047997,0.03319674417604697,0.01344965599222562,0.012219931895388024,0.032689841453672555,0.01348765246286233,0.01420190672113303,OPEN
0.40465414213672596,0.4400966301562748,0.4223753861465004,0.03216446811233634,0.013523210240822283,0.0125077602617408,0.03254715767187966,0.013852493577359555,0.014795295247758819,OPEN
0.4104023810648063,0.4496387799987939,0.43002058053180015,0.03323694354862939,0.014130157601023454,0.013150883942324656,0.0323854514379765,0.013975441888921606,0.015148067859642272,OPEN
0.42123113806063556,0.427484192486497,0.4243576652735663,0.032820858984383944,0.014495861920381962,0.013154473643857406,0.03303138432630366,0.013661124997696927,0.014579664313185178,OPEN
0.4256599370263475,0.4180747351844311,0.4218673361053893,0.032895924814157707,0.01459248640236262,0.013412468167273045,0.03396742350098658,0.013869551833788235,0.01453229133635654,OPEN
0.43184253598465167,0.3698457165540129,0.4008441262693323,0.033083361448683915,0.014692673355837634,0.01388093205795541,0.03439174082056823,0.012461326004623567,0.012977950050022334,OPEN
0.3898294365668373,0.3887354887429112,0.3892824626548742,0.0349435233502936,0.014314596946318672,0.012929431092291478,0.03448927664728221,0.013299847058256256,0.013514564569485193,OPEN
0.4116663471257163,0.40843429873939296,0.4100503229325546,0.03308550484288507,0.014100898743685723,0.013139479099275665,0.03435870901347414,0.013734569189516503,0.014331981253501838,OPEN
0.45404866473968447,0.3797849788851021,0.4169168218123933,0.033150492677451654,0.01564067406312482,0.0144631998081944,0.03430040891039776,0.012815413613343806,0.013238146534227755,OPEN
0.4267660629237266,0.3870304274572595,0.40689824519049306,0.03422062443543497,0.015300369798548857,0.013908032523655255,0.03397541624969895,0.012895752788095712,0.013403286960222902,OPEN
0.4139321426785714,0.4225131320358846,0.418222637357228,0.03464135477665516,0.01495313772066209,0.013725202695316784,0.03392068383041955,0.013990528891133974,0.01467333984084513,OPEN
0.44323172791372,0.36374102258200225,0.40348637524786113,0.0335361339081,0.015549942143112946,0.01417861501615317,0.03469413810031633,0.012196587190725722,0.013042775349694813,OPEN
0.43366592595816894,0.4001278964641783,0.4168969112111736,0.033967069296579756,0.015378170361776673,0.014082550755396425,0.033591052380800596,0.012907985986512851,0.013973448271782688,OPEN
0.4158046741508315,0.40309883214654635,0.4094517531486889,0.03470108580317922,0.015012458000697369,0.013845289349444592,0.03127151395672246,0.01213847578804369,0.013072545722774805,OPEN
0.41575538843665927,0.37487797671093864,0.3953166825737989,0.034935605073609086,0.015012500178034533,0.014036831937261605,0.03340426957374738,0.012082017411431634,0.01296303257119474,OPEN
0.4206294738465227,0.3938101284390767,0.4072198011427997,0.035376750009533886,0.015236133957736488,0.014524873528083923,0.03199481171416891,0.012197374531982986,0.013002387289098881,OPEN
0.41460344620885325,0.34783529317914014,0.3812193696939967,0.03389749365788176,0.014510760082337908,0.013597275294463137,0.03240846400118974,0.01083535612254066,0.011710259032138223,OPEN
0.4012453629534911,0.3681598406965017,0.3847026018249964,0.03395389295900723,0.014070997037835726,0.013176687170205955,0.032900859063506885,0.011726976654151254,0.012498573409046244,OPEN
0.40751995259526835,0.3786925891671886,0.3931062708812285,0.03413441736018793,0.014371517581257515,0.013449394707724266,0.03322454736639766,0.012277054887235312,0.012886724844942746,OPEN
0.4283030295257525,0.38454170188059045,0.4064223657031715,0.03486366751951086,0.01521253280160135,0.014651896036368808,0.033184620346177196,0.012192917238744697,0.013328823529615797,OPEN
0.42661509669852443,0.4005020206594197,0.41355855867897207,0.03511675741060259,0.015286326512186888,0.014676351204738812,0.03197449623451864,0.012314345344751582,0.01329735535823186,OPEN
0.4047195730446333,0.39495244549131314,0.39983600926797325,0.03572222716091519,0.014741308668742428,0.014173660380795573,0.0316363357424338,0.01194457933246164,0.013045117003255294,OPEN
0.413530134844512,0.38307403749396157,0.3983020861692368,0.03559030585449928,0.014821114792113864,0.01461421316622316,0.031364562939749346,0.011439017793091004,0.012590881726035513,OPEN
0.4026664653719626,0.3805698992301104,0.3916181823010365,0.03550950701398066,0.014532203333503625,0.014064772019337389,0.03184484443595453,0.011746106552699276,0.012492271923280238,OPEN
0.4075082047216945,0.37483298747477617,0.39117059609823535,0.03575193547251596,0.01481670166903275,0.014321712410428946,0.03129898904189029,0.01130891744545527,0.012154869689568767,OPEN
0.3921495267247219,0.37459620682369293,0.38337286677420745,0.03540450958901551,0.014294124398942586,0.013473598959564034,0.031073133463223844,0.011336674252425492,0.011943081606474533,OPEN
0.42018339012675937,0.35108885553403263,0.385636122830396,0.03570199580885152,0.015536663028528712,0.01446610823798046,0.031389760049589786,0.010737417939345871,0.011303771923250883,OPEN
0.38409386908742316,0.39378161722196237,0.38893774315469276,0.03700271803024112,0.014264773292170348,0.01416026097780218,0.03015939027742353,0.01170981765343156,0.012042609302312771,OPEN
0.41978726902716756,0.3754321100560536,0.3976096895416106,0.036366843300427276,0.01572025753530569,0.014812418129144932,0.031054942889470017,0.011358686128739727,0.011959359344588204,OPEN
0.42442449252771514,0.3664263913401249,0.39542544193392004,0.03616816664078698,0.015577088269839421,0.015124223274508278,0.03168273609181214,0.011386951655677399,0.011831829652131106,OPEN
0.4052505785773505,0.3595924299278044,0.3824215042525774,0.03582869687270954,0.014754559883205143,0.014284640391470954,0.030974758370332128,0.010783212351690752,0.011493364905937905,OPEN
0.4297581924818433,0.42532377067646643,0.4275409815791549,0.036697127207723564,0.01582421101340479,0.015717571102730313,0.03099973372647935,0.012827118935702,0.013542728341323253,OPEN
0.4533542602083622,0.4456535063568291,0.44950388328259566,0.03722734655382268,0.01689793948672594,0.016856412826131265,0.031821464844770046,0.013626248217108543,0.014736446553856138,OPEN
0.11571972968407589,0.12219552877334058,0.11895762922870823,0.033479823455225974,0.003811958693084178,0.003936593547134488,0.03354638138515321,0.003870289623365923,0.004328146000215969,CLOSED
0.122099725269009,0.1715343978940457,0.14681706158152735,0.03287867725114133,0.00407377687261134,0.0039551780465342055,0.03201244960424956,0.004987251648751051,0.005995220887205808,CLOSED
0.16815392082481964,0.1905286659720319,0.17934129339842578,0.032636536848252684,0.005526801725889459,0.00544912154046532,0.03169337359737729,0.005600005308958319,0.006476987074364707,CLOSED
0.0944741516650413,0.11716761375150478,0.10582088270827304,0.032215479271072066,0.0031565852411711017,0.002930474908063412,0.03248915540460722,0.003400435108386533,0.0042129185147327325,CLOSED
0.308084073185472,0.2477947805151817,0.27793942685032685,0.03170689178012185,0.00973837369756571,0.009798403037776088,0.0298798692107486,0.006777812899853516,0.008030338365946053,CLOSED
0.33087578165885195,0.3068182544059694,0.31884701803241067,0.030713023623549725,0.010401004916701272,0.00992338648039633,0.029901594268380415,0.00851283434670306,0.009835875568056976,CLOSED
0.3481065502218093,0.3337606705787056,0.3409336104002575,0.030508549693477088,0.010882298077797876,0.010358153894336017,0.03009657362777484,0.009352944934018817,0.010737160258236218,CLOSED
0.33026603130402415,0.34664445036869107,0.3384552408363576,0.03105531527969767,0.010541959614441888,0.00997107184220005,0.029958068163220133,0.009752589005655878,0.011017007139438572,CLOSED
0.10020979455027085,0.12940304982002865,0.11480642218514975,0.03307780358242882,0.0033343938411227168,0.0032950459612160936,0.030646945162952608,0.0034409147624834477,0.004490701581023037,CLOSED
0.08466831835511002,0.15599836561485167,0.12033334198498084,0.03196141661362615,0.0027549350599432245,0.002657303733902377,0.03107677908913907,0.004308314943430643,0.005387538549528343,CLOSED
0.1314954690267768,0.13795638294139814,0.13472592598408747,0.032121835659299394,0.00431626116192203,0.004131490530119207,0.029049791001078372,0.0035295851551417033,0.004485623028282996,CLOSED
0.1782312749080296,0.2165273497990699,0.19737931235354975,0.031202999094251217,0.005602397556869592,0.005520303062175383,0.02738614184535183,0.005376798792296723,0.00648289863769416,CLOSED
0.19683902077021692,0.17366378751336045,0.1852514041417887,0.029762453611632628,0.0060356952562923265,0.005681129192973219,0.027984585456745415,0.004373153186703352,0.005346665018116073,CLOSED
0.14660275400467276,0.19483431840070156,0.17071853620268718,0.03008802836263714,0.004445527945170453,0.004376447695896167,0.027634912281855228,0.004915015271307322,0.005853443325689557,CLOSED
0.11078254231082307,0.12682893797380473,0.1188057401423139,0.028132954335834716,0.00319957851033897,0.003033701897737156,0.027575887026568848,0.003166730061519063,0.003828110869011631,CLOSED
0.08892408804056447,0.16598882945968546,0.12745645875012496,0.028451445087917634,0.002600544572224616,0.002459493043533931,0.02771083379968139,0.004108511312309921,0.005090866419212083,CLOSED
0.12574402893962802,0.13909063478990982,0.13241733186476892,0.027757259775726503,0.0037468591378525787,0.0032337602151948745,0.027947528936755017,0.003527332671186888,0.0042471464100583695,CLOSED
0.10898905843287711,0.13797807382395558,0.12348356612841635,0.02814493124866242,0.003233407114559079,0.0029015719983404758,0.028253032635030373,0.003546494766521193,0.004250103278812501,CLOSED
0.10825435573911799,0.1386385811269555,0.12344646843303675,0.02877365514662032,0.003197326349468553,0.0030324206508453248,0.028239916530507107,0.00358471511837039,0.004245568799495934,CLOSED
0.09428041618681396,0.11580749622365133,0.10504395620523264,0.028783159492326477,0.002743771803109058,0.0026836047091069125,0.027897531062091026,0.0028803101605968085,0.0035811762856477964,CLOSED
0.1087348315628137,0.11084398764009804,0.10978940960145586,0.029101378213510963,0.0031812056003407965,0.003147461316242905,0.028377226552656946,0.0027712781949284673,0.00351961170359747,CLOSED
0.13228258855538355,0.14150776028553622,0.1368951744204599,0.02872900571352342,0.003841019813366135,0.0037596746714484283,0.027539795193298813,0.003478159324179515,0.004316030148872668,CLOSED
0.12391439185787877,0.1306073569079236,0.12726087438290118,0.028515581483084754,0.003498268600978357,0.0035687132749221153,0.027061183279514664,0.0030869379355928555,0.003981841310283757,CLOSED
0.12906133244875853,0.15259119204311936,0.14082626224593894,0.027404873237733194,0.0036386065809485457,0.0034352123303537934,0.02641992535823702,0.00359235275522381,0.004470543052983438,CLOSED
0.1338346050509484,0.14128089118169837,0.13755774811632338,0.026942014694362214,0.0037237128222317077,0.003487834969561923,0.026103544422365392,0.0033277856541570876,0.004048078383828581,CLOSED
0.09349943500033132,0.11263437799551403,0.10306690649792268,0.026428651334199298,0.0026172399283324196,0.002324888006804354,0.026806990419771463,0.002662004194910732,0.0033767731888145924,CLOSED
0.09896616365527701,0.11451289493836035,0.10673952929681868,0.025658613321805305,0.002708441473562281,0.002370227576784228,0.02614603394011023,0.002674116946476205,0.0033139991288010876,CLOSED
0.16165467168667463,0.1407926716206355,0.15122367165365508,0.02470865059006423,0.004239266655194065,0.00374927094272112,0.024902239416276395,0.003196608745833853,0.003815496887674643,CLOSED
0.15090557489709933,0.19037351932813631,0.1706395471126178,0.024207507913778167,0.003910384408256903,0.003395711388852648,0.02418475243646224,0.004231457368770458,0.004976815502047614,CLOSED
0.12956231603721935,0.1963207069152557,0.16294151147623753,0.02412442693562776,0.0032850384920729185,0.0029661947616283026,0.024130968003989273,0.00438892411691519,0.005085893277269991,CLOSED
0.11281367301413252,0.12362497433772378,0.11821932367592815,0.02396699208460629,0.002854658695692524,0.0025529501206376284,0.02389853018400773,0.0026778144097986036,0.003231095951615942,CLOSED
0.09124470929061677,0.13566169440152015,0.11345320184606847,0.024071925994822937,0.002366034389652645,0.0020268373892730744,0.024116264984660615,0.002995819209293717,0.003547487531616501,CLOSED
0.09982846925059995,0.13817392197926712,0.11900119561493352,0.02420272285043658,0.002547511421424799,0.0022847301262864032,0.023636716082232227,0.0029685402158879833,0.003563415311696905,CLOSED
0.08375430297452552,0.09651996420468274,0.09013713358960412,0.024569436776431773,0.0021529505815078664,0.0019626415218655657,0.023605561621220288,0.0020740154315746087,0.0024828004938486207,CLOSED
0.09184817491668204,0.11117383445255978,0.1015110046846209,0.024422836239953533,0.0023762715922248426,0.0021101142776326232,0.023121698023393047,0.002362869604456217,0.002778186052173338,CLOSED
0.08652954607375442,0.1352468930494413,0.11088821956159786,0.02438756037062776,0.002208745650637094,0.002011743406796311,0.023045034816467087,0.0028996805814210506,0.0033338581368656996,CLOSED
0.11496519121038255,0.12093372312057211,0.11794945716547733,0.02381107578511682,0.002914064001732189,0.0025608257593895405,0.02343519879337423,0.002600180787512278,0.0030680308967946917,CLOSED
0.1235996282988564,0.08895671275506835,0.10627817052696237,0.024361760332940793,0.0031683004174820075,0.002853908626232605,0.02366887372447277,0.001901086333736421,0.002309924068551397,CLOSED
0.1922481999121652,0.184957782534426,0.1886029912232956,0.024066911678241456,0.004925325191337108,0.004328315703836866,0.023513914254120655,0.004044954748290771,0.004653208130002804,CLOSED
0.12762896767070128,0.14365779369284395,0.13564338068177262,0.02524534700532858,0.003467365554999075,0.0029767095985583584,0.024201630797688875,0.003224999125783755,0.0037285066425457782,CLOSED
0.16501349485722222,0.19183900240761878,0.17842624863242051,0.02552396124089056,0.0044595997494328325,0.003963996344486433,0.02437348293703646,0.004374336705639879,0.004977232598040506,CLOSED
0.1692547392810505,0.15697486117917125,0.16311480023011088,0.02558337819690128,0.004633818488738132,0.0040263975245519446,0.025537906807117292,0.0037548621170552343,0.004262756634652464,CLOSED
0.1914505274344626,0.12114787351041377,0.15629920047243817,0.025517359144414282,0.005174226695318258,0.004596397038547186,0.02581094089457246,0.0028773577779720367,0.0033765234273888237,CLOSED
0.1419833659159549,0.13904000851622053,0.1405116872160877,0.026993629453561655,0.00408130811441595,0.0035839846217935348,0.02643956584046089,0.003340977537590366,0.004011337381655346,CLOSED
0.16963201140926798,0.10000046652860128,0.13481623896893463,0.027436539282812124,0.0048628637821474426,0.004445366907158189,0.027575630793679685,0.002426797381764617,0.0030883545066122476,CLOSED
0.12742071207204642,0.1175753719047532,0.12249804198839981,0.028254819305176634,0.0037847220347784864,0.003415776355886734,0.028104040261160534,0.002865911430227928,0.003742774541236286,CLOSED
0.1345709995944187,0.13623994691513153,0.13540547325477512,0.02869326008726357,0.0041472161352722955,0.0035753452478590976,0.028487209783792662,0.0035527715901782554,0.00420942030723,CLOSED
0.11279769069722549,0.12038870570750733,0.11659319820236641,0.02960160508873609,0.0034953266100555213,0.003182658779825818,0.02855673797333373,0.003093107586041509,0.0037827098616346378,CLOSED
0.1324984521894343,0.1837571896098333,0.1581278208996338,0.03016554164293537,0.0041599019247463695,0.0038338732295433524,0.029267728539007335,0.004956396584715082,0.005799914500467918,CLOSED
0.17894182885030713,0.15370287814855263,0.16632235349942986,0.02907716844857828,0.005538986989527178,0.0048672564104269124,0.029695734234892125,0.00427671676948393,0.004851922871790922,CLOSED
0.11255925784295664,0.10188594536864883,0.10722260160580274,0.0294474122313737,0.0036696699721507106,0.002959487760167345,0.030661853423793815,0.0028916221755667135,0.003356401670109636,CLOSED
0.0544001420430037,0.07938350848332691,0.06689182526316531,0.030192611802550836,0.0019269476188445431,0.0013580171225715278,0.031395583155895315,0.002236810858454326,0.0027477722251356973,CLOSED
0.10110715998287963,0.048740157652043044,0.07492365881746134,0.030981397067559285,0.0034698819214144397,0.0027950002181912287,0.03344895286438783,0.001478426117858158,0.0017821883539538813,CLOSED
0.13649534363635565,0.11479253303147077,0.1256439383339132,0.03218280265393861,0.004716423435069911,0.0040691819797908264,0.03377086324411724,0.003702863527215203,0.004050422341688018,CLOSED
0.13065407223438658,0.1630137937299269,0.14683393298215675,0.03213413654339586,0.004553384819375004,0.0038435267748859626,0.03492898765361296,0.005437017084112205,0.005950796493010247,CLOSED
0.11457321754408999,0.12872310083263083,0.12164815918836042,0.032872268986596766,0.004080930428832657,0.0034516328227057304,0.03572470590157091,0.00417249096738835,0.005024698872579637,CLOSED
0.11481038357351803,0.10863688458858067,0.11172363408104935,0.03280624446364331,0.004224884015173653,0.003308111005781329,0.03561774654053364,0.0034202812280050704,0.004318520812453472,CLOSED
0.14685919359522365,0.10669967272881822,0.12677943316202095,0.03290869842850764,0.005352179559364401,0.004313710267593672,0.035325291873651646,0.0033227934550229474,0.004215600708914278,CLOSED
0.13764607870036705,0.18263279396420165,0.16013943633228434,0.03409600303605759,0.005177170212439134,0.00420919202209914,0.036449374840963666,0.00607650833120391,0.007237193999703435,CLOSED
0.10893719800150184,0.13794130402295673,0.12343925101222929,0.03486885742350088,0.004152662731894538,0.003444368518565569,0.037049286084230124,0.0046100464326925845,0.005611207238463992,CLOSED
0.08925889544718871,0.1617202072341089,0.12548955134064882,0.03549720358922436,0.0034503866344280727,0.002886495733248226,0.03780412305651282,0.0055712645202556236,0.006656116709750391,CLOSED
0.0875048178963568,0.14901439375596068,0.11825960582615874,0.035664429192298265,0.0034493061906524596,0.002792312573046683,0.037958733590185964,0.005157740312757871,0.006155055034613294,CLOSED
0.07790338883100117,0.16994185968972106,0.12392262426036112,0.03570513585123783,0.003120290005219208,0.0024428121577461936,0.03749252065729726,0.0058153542585729886,0.00692774311133977,CLOSED
0.07318039955132981,0.16312816750844827,0.11815428352988905,0.03629943272521732,0.0029705935992452885,0.0023422203813907518,0.037573466157125084,0.005651217095018512,0.006607364267286513,CLOSED
0.08082611800420961,0.18786341131632284,0.13434476466026624,0.03635073317063527,0.00323930276398431,0.0026368745335942963,0.03744605959591744,0.006499604613362828,0.007569884378723923,CLOSED
0.08554016414288995,0.15441246204879458,0.11997631309584227,0.03676886172396796,0.0034240065749207137,0.002866422359510172,0.03721161344052621,0.00526069929899256,0.006231174397326776,CLOSED
0.0604186199305289,0.13759807175821406,0.09900834584437149,0.037170297064769604,0.0024910655739003424,0.002000490528221995,0.037334153106987567,0.0046400461267274845,0.005634168829767368,CLOSED
0.06518121244332124,0.13290991679648767,0.09904556461990446,0.036679971353910455,0.002666225805256608,0.002115464205211742,0.03739071971458462,0.004509858411289204,0.005429336481163263,CLOSED
0.08480262196949641,0.1623043672524542,0.12355349461097531,0.036353626562454305,0.0033748640695979086,0.0027909016315942024,0.03700318490372521,0.005505237344201179,0.006506319680048191,CLOSED
0.09282683583212614,0.14279177398311182,0.11780930490761898,0.03619228363336859,0.0036527142956537676,0.003066516046795137,0.03683358666677006,0.004770104278324383,0.0057489620862932,CLOSED
0.06987037065062626,0.15364372570534118,0.11175704817798372,0.03673471877276338,0.00279473561813037,0.002338601214668622,0.03680197915341411,0.005148369029068723,0.0061604173518529605,CLOSED
0.08096413776920494,0.18052106444687469,0.1307426011080398,0.03639679827945296,0.0031941992281339683,0.002699471552377214,0.036437570172662234,0.006051356070029185,0.007104141836824171,CLOSED
0.09976419088055678,0.15212025385084202,0.1259422223656994,0.03607474970074069,0.003842660819520101,0.0033552756107059056,0.036195207129300765,0.0050288707015417105,0.005983177491844367,CLOSED
0.12272120471355691,0.15521884337894162,0.13897002404624925,0.03611103134378242,0.004690334358953976,0.004172844180962009,0.03662894522927772,0.005199603408085829,0.00617140161727235,CLOSED
0.1001569011328461,0.1672262096589879,0.133691555395917,0.03666077275331128,0.003833797938251545,0.0035098608459627274,0.03633705478516834,0.0055749002433594,0.006578115640429981,CLOSED
0.09543707949148464,0.19173367857489576,0.14358537903319019,0.036394540844531684,0.003737962133546725,0.003208815241724585,0.03577039890104137,0.006344223178051893,0.007372557152724247,CLOSED
0.08098254485793903,0.1598004937353563,0.12039151929664765,0.03617472955716882,0.0031956998958430427,0.0026633434223314314,0.03553506474788153,0.005210218293885548,0.006146823489373098,CLOSED
0.05891766050465103,0.14771063407548357,0.1033141472900673,0.036287101713585714,0.0022674551817212668,0.0020084470971963005,0.03599182534891787,0.00486603179848838,0.005766718889157064,CLOSED
0.07554757881522926,0.16773661648001262,0.12164209764762093,0.035724557358420145,0.00290510214570212,0.0024927054796467286,0.03571743774040652,0.0054699810999813666,0.006512263211841227,CLOSED
0.10944065600476116,0.160690488717456,0.13506557236110858,0.03493305604492349,0.004010424128280033,0.003635769011334996,0.034807898116814354,0.005144585023844663,0.006042011295391966,CLOSED
0.1901332176751589,0.29486755260672254,0.24250038514094072,0.03265924900341178,0.006540651328861746,0.00587856487088407,0.03273329860688323,0.00908787123615586,0.01021610406175754,CLOSED
0.34626505604523294,0.3053964295386802,0.32583074279195656,0.03199730637023669,0.01119826223473645,0.010960835932436543,0.03014744521596858,0.008703037918331215,0.009710806339008326,CLOSED
0.36098494202454423,0.35461609673073113,0.3578005193776377,0.031244538013022637,0.011412748892834789,0.011144866593594501,0.029695836326260317,0.009967207541853389,0.011094035592492788,CLOSED
0.3371318629310564,0.37592692102579367,0.35652939197842504,0.030195119370526286,0.010374231398898433,0.009985242290723872,0.028709187864420074,0.010274190501259314,0.011310922696785724,CLOSED
0.1181922487615195,0.1264237671560495,0.12230800795878449,0.030345956157015054,0.003607345115775171,0.003565968482257004,0.030082091104330886,0.003360203241947298,0.004245979320734694,CLOSED
0.10009268019817547,0.11553775842940062,0.10781521931378804,0.029619562298589128,0.003079178862407885,0.002850223891117348,0.029041587847284667,0.0029571412871966843,0.0037536586350149,CLOSED
0.12496188407626285,0.13651128611780117,0.130736585097032,0.028972771466319238,0.003756192219594976,0.0034847919990895057,0.029071781716399528,0.0035349899720639277,0.004402262651619426,CLOSED
0.17109405401205358,0.20792660073637217,0.18951032737421286,0.02842495362367294,0.00510027636359699,0.0046264047375606425,0.028053738546110606,0.005205684323901968,0.006460552663777459,CLOSED
0.10704921154711322,0.19034623143835147,0.14869772149273236,0.028044167060588408,0.0030417765421397553,0.00296243540252327,0.028424706685286953,0.004782777478560415,0.00603829411600936,CLOSED
0.13558003081072392,0.24067577436518084,0.18812790258795237,0.027835492914311106,0.003797298087709794,0.0037505758861981803,0.027819879580678043,0.006019395258885353,0.007371746862766188,CLOSED
0.18155210163934363,0.20717478153525656,0.1943634415873001,0.027584386829512635,0.0052447344202459925,0.004771272382415308,0.027144908156480015,0.005130348448314675,0.006117132385912028,CLOSED
0.1151268767134884,0.18861934907972908,0.15187311289660874,0.027596774322007588,0.0031809068454079804,0.0031733540247114796,0.027771147076208324,0.004720262577414612,0.0057560887920090585,CLOSED
0.12429072239361341,0.15796659032344207,0.14112865635852773,0.02749037015966089,0.0035154947425296854,0.003318101189494485,0.02680537793933459,0.003860044526935435,0.004608663783880364,CLOSED
0.09650144103106709,0.13925949966162565,0.11788047034634637,0.026661313011566205,0.002726834305178929,0.002418875945614026,0.027134281522360415,0.0033918019664663426,0.004165610970496868,CLOSED
0.16524376172359312,0.13495162136424782,0.15009769154392047,0.025917123527991012,0.0045684282625800925,0.00399685770706046,0.02672691814392061,0.0032736564895773502,0.003940025385605888,CLOSED
0.13016629464838056,0.14690702589845137,0.13853666027341596,0.026490787480951686,0.0036710520368835337,0.0032253632605428427,0.026739631323615974,0.0036498010970110457,0.004206678325735941,CLOSED
0.12218267952901499,0.11489116937260119,0.11853692445080809,0.02581573913364809,0.0033340481179435686,0.002974424244798782,0.02734557219203615,0.002870237772739825,0.003413291759872012,CLOSED
0.09682131263026389,0.12211623518274467,0.10946877390650428,0.026280073522043774,0.002632298421279807,0.0024566440075684333,0.02744836482304976,0.0031283880699866187,0.003575393878240022,CLOSED
0.21945094226373907,0.10676601495829736,0.1631084786110182,0.026173788248923004,0.005986649545651362,0.005501075442024107,0.02699815119295514,0.002421559782851931,0.0033434102453749137,CLOSED
0.11875717936430626,0.12249740862918283,0.12062729399674454,0.025854312713533497,0.003189362351959532,0.00295140815256439,0.026228534282101323,0.0028295924150875703,0.003596262548310623,CLOSED
0.14442059603403334,0.11579891873484033,0.13010975738443684,0.02561452460492336,0.003927258151475254,0.0034712716696676353,0.025767409522289963,0.0026644025044097472,0.003303273818148265,CLOSED
0.11629157175692126,0.10998741192432801,0.11313949184062463,0.026028174016708393,0.003223146394078872,0.0028305681386524826,0.025993000293543112,0.0025619873860449013,0.003155818274825309,CLOSED
0.1115370267805777,0.11331298512863645,0.11242500595460708,0.025878512506533422,0.003043714199973475,0.0027291104849919913,0.02561371697768191,0.0025933224235314863,0.0032114110384308604,CLOSED
0.15345498290177442,0.1575209142359013,0.15548794856883785,0.026240926349244527,0.0041819491206425505,0.0038716526878575315,0.026189167474534595,0.0036631690251880712,0.0045875141821435685,CLOSED
0.12920909866968683,0.0944287692828802,0.11181893397628351,0.02599245536541561,0.003444996027441714,0.003271927432513118,0.02609549276833973,0.0020058311999176007,0.002922499331971642,CLOSED
0.1318638301504355,0.10396011805856971,0.1179119741045026,0.02612751558083675,0.003647640712447776,0.003242907841160854,0.02640722549143901,0.0022968918010061634,0.0031937047583723783,CLOSED
0.15231891912926862,0.10426666108683742,0.12829279010805303,0.02691783152623868,0.0042104068940195145,0.003989783112741339,0.02552983989405204,0.0022015825787151506,0.00312223974895354,CLOSED
0.17073198787050778,0.11278882022157137,0.14176040404603957,0.026814462036822074,0.004733914886482194,0.004422257927967601,0.02544725855471118,0.0024859632202329216,0.0032543693202854054,CLOSED
0.17934948492080205,0.15497347215140755,0.1671614785361048,0.027244754275966863,0.005081124808433157,0.004691540483943797,0.024822139548936695,0.003514996262255208,0.004178550041995779,CLOSED
0.18002637517434125,0.08174362338917532,0.13088499928175829,0.0272569321697264,0.0049839958377893455,0.004829937555988128,0.02524260673757687,0.0017633074407254357,0.0023635368363096503,CLOSED
0.19043031849677391,0.0793962427016933,0.1349132805992336,0.027244738625152507,0.005347843034897057,0.005028605472601243,0.024216680603334772,0.0015443163039884557,0.002301110597235057,CLOSED
0.23803403092173972,0.1365305452553789,0.1872822880885593,0.026833225715019216,0.006570563849874972,0.006203877909282838,0.023735510928963897,0.002835209418506318,0.0036460350795865727,CLOSED
0.21882199589786572,0.1715612806818478,0.19519163828985675,0.027925499389812026,0.0062300331401374245,0.005991393885709173,0.02433515910250216,0.003790405206241823,0.004559536916201772,CLOSED
0.27133250874178666,0.2673448413952329,0.2693386750685098,0.027588714301538586,0.007661461740178984,0.007309968388614764,0.02507100683337973,0.006228776790350814,0.007176431900626594,CLOSED
0.1531049381082848,0.17623965707658032,0.16467229759243257,0.028315063407217293,0.004433505935057163,0.004236846125931164,0.02647612827150833,0.004289835162665381,0.005042452371906983,CLOSED
0.1479471272029748,0.14680788848732268,0.14737750784514875,0.028737927153337894,0.00439709723324904,0.00410629029496037,0.027455702976073477,0.003597487564094151,0.004463939997610747,CLOSED
0.1334759432363878,0.16303491932922798,0.14825543128280788,0.02826995316053091,0.00395045400672421,0.0035962633199765224,0.029063904396456022,0.004288235381148629,0.005188627236188576,CLOSED
0.16171335782194377,0.15102184021223963,0.15636759901709169,0.029308484139317557,0.0049175708118142335,0.004561575953866214,0.030016377412880022,0.004188082616354008,0.004878174490442483,CLOSED
0.17705712358998138,0.17341702348496468,0.17523707353747303,0.03009976167532903,0.0055021506089507006,0.0051566038370047355,0.030085552411422405,0.004724063897792827,0.005710630000386724,CLOSED
0.17856503815007976,0.10424711293337531,0.14140607554172754,0.030801264758886462,0.005770983052223788,0.005229074981258748,0.03161364520898494,0.002946675079061328,0.0036445874056120976,CLOSED
0.12674090433454704,0.17612630637070037,0.1514336053526237,0.0314741575687823,0.004194884030971824,0.0037832423558991713,0.031563369284285096,0.005128544626065555,0.005989734671245547,CLOSED
0.11764237219674582,0.10054817245720492,0.10909527232697537,0.03165636259001305,0.004002891194740593,0.003445367985678319,0.0323532119193038,0.0028854290264477217,0.00362068363676559,CLOSED
0.08731756831425491,0.072835584891971,0.08007657660311296,0.032353921553318,0.003083826192153735,0.0025663053187780435,0.032350789843531735,0.002022598611790291,0.0026899787881514477,CLOSED
0.12285471336137205,0.11579255142164772,0.11932363239150989,0.032104444575368644,0.004169842589545139,0.0037185220823208027,0.032727406637802416,0.0033203577967482975,0.004258822035261524,CLOSED
0.09698064130633285,0.11547364207433244,0.10622714169033265,0.032131248551100375,0.003402519663548861,0.0028296985173689245,0.03263968722870277,0.0034033420303825135,0.0041347050905482545,CLOSED
0.08879792254363658,0.13065633289827977,0.10972712772095818,0.03286760451028914,0.0030813890153756924,0.002755760983623379,0.033714594693900354,0.003963209443428661,0.004846841172284983,CLOSED
0.07480735731829488,0.12687658646156968,0.10084197188993228,0.03305829370534787,0.002685090322271866,0.0022609168568263277,0.033944351605170786,0.0038805702753584373,0.004732916647272309,CLOSED
0.1034399568044098,0.12992973097675273,0.11668484389058126,0.03371896459489812,0.0037000211122197963,0.003275755370151573,0.03303488319183187,0.003895583888030801,0.004688843083895528,CLOSED
0.11988311789159896,0.1357495293162863,0.12781632360394263,0.03346816331950731,0.004201288276119676,0.003823247261575891,0.03302607903153994,0.004126384927042182,0.004840164440345857,CLOSED
0.1102814604382245,0.10677816503640375,0.10852981273731413,0.03374185198415964,0.0039181615846627695,0.0035240398447442868,0.033678146309159405,0.003299157965974573,0.0038930233634645764,CLOSED
0.0915266936758675,0.12037326383973934,0.10594997875780342,0.03348376577057939,0.0031658688932531616,0.0029634478523434724,0.03272414056445204,0.003577002100743962,0.004301221111443043,CLOSED
0.25850715577993183,0.28830858219533634,0.2734078689876341,0.032250531010550205,0.008580886788881598,0.00809309929897805,0.030764718773835836,0.008411929751222643,0.009327535151423066,CLOSED
0.30648265480559894,0.3479650320556767,0.3272238434306378,0.03173865867519825,0.009877131786151662,0.009577564955335361,0.030799963536243254,0.010280431711254867,0.011154188887150248,CLOSED
0.29807145109976185,0.34651189991147846,0.32229167550562016,0.031508966158074504,0.009709873490474624,0.009073973040306486,0.03061395152117461,0.010193850582720194,0.011022346428080029,CLOSED
0.2219811946811975,0.31870639472814144,0.27034379470466946,0.03188077157510502,0.007471378598051183,0.006682484925149167,0.030384762145690365,0.009183967688441574,0.010183668307808591,CLOSED
0.12121598678408539,0.15044012594104533,0.13582805636256537,0.03270474911633749,0.004145475004997426,0.0037832018683281628,0.032636693061934785,0.004574048206881165,0.0052456882221922525,CLOSED
0.11398681557739808,0.16798615596315136,0.14098648577027473,0.0331254424037961,0.003949618144475741,0.0036021092439267157,0.032296511924862825,0.004961549678751551,0.005889184099800017,CLOSED
0.11102320787094265,0.14867057467586392,0.1298468912734033,0.03330819550125219,0.0038676838962746285,0.0035282815296084095,0.032038076106709765,0.004433516707260601,0.005092721665326611,CLOSED
0.0937542200858981,0.14034129382180174,0.11704775695384992,0.03253648364649203,0.0032168073364036535,0.002884057960825223,0.031457526544746636,0.004066229174233037,0.004763350777213795,CLOSED
0.07824712599981751,0.13288983367932583,0.10556847983957167,0.031955226873199155,0.002637697593550883,0.002363111733449055,0.03082151059684519,0.0037344116691113054,0.004457319164809366,CLOSED
0.0897410909378072,0.14831012319597106,0.11902560706688914,0.03065575638607055,0.0029000614736152787,0.002602100569603963,0.03033318151786745,0.004194705249053507,0.004802730526627842,CLOSED
0.12431968356344605,0.1691367697415644,0.14672822665250523,0.030260974627659178,0.003990314199117816,0.003533755380946302,0.029902428021234422,0.004761191312391128,0.005354008853491332,CLOSED
0.11026633296038421,0.2268213993430149,0.16854386615169956,0.030532201627718636,0.0036218583717039237,0.003111489449687292,0.029793550590072118,0.006167713592925522,0.0073479160795486085,CLOSED
0.12169283260472165,0.1899101138111712,0.15580147320794643,0.029677282206881705,0.0038845738414857557,0.003338451230044523,0.030541278308206587,0.00526576562159524,0.006334429657305093,CLOSED
0.15194630714406487,0.22232149722955757,0.18713390218681122,0.02919912522078781,0.0047667133197153225,0.00410668517855635,0.030094631803125178,0.006189778067168674,0.007191589134917425,CLOSED
0.09234972280042925,0.19223046289362059,0.14229009284702493,0.03001282644466482,0.003073013313487592,0.002470339091756786,0.02887856069284546,0.005126252959949493,0.005976425219424906,CLOSED
0.17027855252972754,0.18460121975025975,0.17743988613999365,0.02954344113927049,0.005260695364765532,0.004800533423118836,0.030743279252637187,0.005178303958573544,0.006172189739745814,CLOSED
0.1579712950081263,0.20924773718033626,0.18360951609423126,0.029781794656926295,0.004964767346984997,0.0044445699922564886,0.03072456026988518,0.005848467729972717,0.007009621694695955,CLOSED
0.11256311896726218,0.2891243603778797,0.20084373967257094,0.030938536060710474,0.003814549343120785,0.003150526887428584,0.030203177698548404,0.00810224517121636,0.009362703695728138,CLOSED
0.10906195582667627,0.15224229034862807,0.13065212308765217,0.030538824684545954,0.003569463776901157,0.003091784120587966,0.03028151706662405,0.004064064609679833,0.005156190417227998,CLOSED
0.0807176240247256,0.12074970732925948,0.10073366567699255,0.030596846868328104,0.0026871799215857947,0.0022522296421338267,0.030814223065917114,0.0033189997668229693,0.004122617066753047,CLOSED
0.11659613214833378,0.13674634745703157,0.1266712398026827,0.030618736886597456,0.0038157694942296885,0.0033242830902598694,0.03188256202957419,0.0038697247744984464,0.00484992303573458,CLOSED
0.10348033480422363,0.10495790274011543,0.10421911877216952,0.031178428449743223,0.0034744686643942402,0.0029782397649036787,0.03191969866682201,0.0028035186266419875,0.0038969306296902065,CLOSED
0.08343587248469206,0.13705684662628242,0.11024635955548724,0.03200920132122733,0.0028646661155410707,0.0024767651640084497,0.03271668638971655,0.004017466033715426,0.0049506257035557,CLOSED
0.11081630087956773,0.1759183861948401,0.14336734353720393,0.0319954245585273,0.0037577894510317433,0.0033334397382628017,0.031872865269633364,0.005038148170051968,0.006175897873226969,CLOSED
0.10415979748921314,0.19785369209399967,0.15100674479160642,0.0319368303299224,0.0035092447339970206,0.003143822825227134,0.03200135801067303,0.005647842809583485,0.007015330859283619,CLOSED
0.08756111296848408,0.1491841476840012,0.11837263032624265,0.03173441318512958,0.0029437541889258028,0.0026136468868575616,0.031815242821077096,0.004193710682546557,0.005298949084697292,CLOSED
0.08481559897981504,0.1527532392597224,0.11878441911976872,0.032018623908454426,0.0028909650675409612,0.002540392463069016,0.03142435277838845,0.004240909522809887,0.005359433834268299,CLOSED
0.08269998063282466,0.15729268179965128,0.11999633121623797,0.031739077196383005,0.0027946970122936614,0.0024549451265955414,0.03174134479879644,0.004403988619181581,0.0055813738754786285,CLOSED
0.09865635292985943,0.17135978284200715,0.13500806788593328,0.03150371202872961,0.003356460705878794,0.002859621959135219,0.031314397446210694,0.004844562135226531,0.005887494557195406,CLOSED
0.09097029122535963,0.16355947073097055,0.12726488097816507,0.03155923567336297,0.003127887929906324,0.0026140177902048514,0.03126222728506385,0.004649261879408381,0.005577204817824317,CLOSED
0.08838478299366362,0.15955000566687674,0.12396739433027018,0.031115867105635953,0.0029798875408208842,0.0025204507827617357,0.031237367756036073,0.004452924590374556,0.00551491981461318,CLOSED
0.0826805230483378,0.19540275977646632,0.13904164141240205,0.03063738127041093,0.0027258880554305023,0.0023403413611073455,0.030823704517958316,0.005534810568399065,0.006511263290287712,CLOSED
0.11684244905315351,0.19270626515163822,0.15477435710239587,0.030241690064043213,0.003792650189110821,0.0032743760720676356,0.030936276748688887,0.0054581105965011934,0.0064651181033734085,CLOSED
0.13699752477157903,0.203759486834313,0.170378505802946,0.029913618367501008,0.004373099294636572,0.003823084051981989,0.030423111661446185,0.0056962968428271015,0.006701698397251455,CLOSED
0.11742672031359702,0.18158250937311457,0.1495046148433558,0.03037665469972291,0.003860920336731205,0.003273141534242944,0.030739607864615028,0.005106087399533365,0.006057462866871285,CLOSED
0.09145320958817164,0.17495386180309286,0.13320353569563226,0.030543903395606177,0.0030591835531305366,0.0025274924446279418,0.03046733901529663,0.0048271168198512375,0.005833640419329134,CLOSED
0.09922955178524319,0.18156992354238807,0.14039973766381564,0.030039326331738704,0.003253379933836737,0.002708197841821433,0.0311336964033154,0.005205454909827379,0.00610043084125642,CLOSED
0.0819274382009784,0.20056005583665987,0.14124374701881914,0.030121178222455847,0.002735780103369115,0.002199721831352701,0.031279269379374065,0.005791095331863333,0.006755648694651042,CLOSED
0.08771471042147458,0.18606964709631996,0.13689217875889725,0.029835500073622474,0.0029150218605451844,0.0023190026379301732,0.03138093014694989,0.005359723055530952,0.0063183541404635175,CLOSED
0.1070328767375619,0.2038550457329281,0.155443961235245,0.030480075060862904,0.0035689935396989348,0.0029557466941830123,0.03116166067773825,0.0058638830926497215,0.006841040432498916,CLOSED
0.10382015066835441,0.20653021987540499,0.1551751852718797,0.030360859771946757,0.003402845285054756,0.002901292786833829,0.030950573293078987,0.0059187507374962945,0.006865706677482586,CLOSED
0.07832151840328257,0.17181909632161188,0.12507030736244723,0.030588913833886712,0.0026903059262421486,0.0021012344293122173,0.0314137278934563,0.004967345999264964,0.005827610678228383,CLOSED
0.0852518290850871,0.15568425616837026,0.12046804262672868,0.030665653711831817,0.0028986099948141186,0.0023299961432329875,0.03164749672838558,0.004496163010349274,0.005357870965150006,CLOSED
0.11257997423272469,0.12243586076253163,0.11750791749762815,0.03065534955019537,0.0037616273163030432,0.0031407296086092833,0.03198231603864823,0.0035186699007565734,0.004312894885985859,CLOSED
0.1677783524371616,0.11064371064257354,0.13921103153986758,0.030122939279727864,0.005352029730975672,0.004755924514859129,0.03226451760737174,0.003216654148420159,0.0039230777519243575,CLOSED
0.15803741554591688,0.1528879063815145,0.1554626609637157,0.03031944402256897,0.005107207074555132,0.004476006073676662,0.031106296893750742,0.004317578334327485,0.005193974880407234,CLOSED
0.1769447044433226,0.16843805908930023,0.17269138176631144,0.03111950970611935,0.005793788129774208,0.005219076764966588,0.03145739665468809,0.004825190406349792,0.005772055266686022,CLOSED
0.21278976612690317,0.12126127973329508,0.16702552293009912,0.03220791693371068,0.007033740529038909,0.006673289694479132,0.031017479296544356,0.0034273688638125424,0.004095069603387365,CLOSED
0.21738231657223972,0.22567854381881233,0.22153043019552604,0.03127263742534844,0.007025880780015564,0.00657035595767637,0.030091330157908644,0.00640035088918588,0.007181584254029989,CLOSED
0.22131340491836293,0.17075237889916722,0.19603289190876508,0.032134862883425486,0.007370797662713704,0.006852954179917527,0.03035291073577542,0.004639425038316372,0.005726238390979079,CLOSED
0.19895971989527805,0.18270335473557578,0.1908315373154269,0.032047099216480274,0.006790456034999383,0.005961707732134818,0.030436770809052816,0.005126522954071729,0.005995277314191861,CLOSED
0.2213592114794967,0.1947394422187644,0.20804932684913055,0.03147561812871023,0.007044580831114024,0.00689025518848807,0.03111405747235398,0.005666637795678586,0.006451630598979001,CLOSED
0.19778830356184,0.13448717626649967,0.16613773991416983,0.03246776942817032,0.006657292895255312,0.006186197176014246,0.031247738596892005,0.00378540012342048,0.0046194401337989605,CLOSED
0.1708892567882375,0.1723820048632912,0.17163563082576433,0.03222154173994898,0.005655973033115907,0.005356657607906202,0.030936562466910268,0.004670940098496907,0.005994873224751967,CLOSED
0.17488265637994257,0.13891266601145522,0.1568976611956989,0.031023600867753447,0.005617943789678497,0.005233035670769131,0.0309289575792028,0.0036823227358719597,0.004910525172692569,CLOSED
0.1249619889234658,0.2669955297081039,0.19597875931578485,0.032355899129308426,0.004204040234884357,0.0038824747823264748,0.0296391073885009,0.007153918701997878,0.008673099652538471,CLOSED
0.1205773279090045,0.3013138508515089,0.2109455893802567,0.03119551659546201,0.004047395341632581,0.003475548726011048,0.03062175465938968,0.00834492470607171,0.010108592926429969,CLOSED
0.10713959494552928,0.1942174540768379,0.1506785245111836,0.030915299353024662,0.0034730564289893757,0.003151448871616316,0.03050467826862832,0.005459332796789508,0.006389749104742564,CLOSED
0.17958371054661232,0.1838260469019353,0.18170487872427382,0.029655844919909163,0.005579047460082884,0.0050723658801414976,0.031423334333078194,0.00518223793371121,0.006370616728144042,CLOSED
0.1892817160875752,0.19744992313918558,0.1933658196133804,0.029485698117283174,0.005854516601570963,0.005307690477788127,0.03111816161489336,0.005619545889161744,0.006669011349025153,CLOSED
0.16316519857259296,0.18095458532995273,0.17205989195127286,0.029749530156415672,0.0051353945201757095,0.004572781470650102,0.030064173806039818,0.00500484199820427,0.005875658210514855,CLOSED
0.11460558140232868,0.16849030793014125,0.14154794466623496,0.030279606537732717,0.0037191950242701677,0.003221228799511054,0.03070433488160874,0.0046912912099224624,0.005655474468062405,CLOSED
0.1299543932246235,0.15020859020618602,0.14008149171540474,0.029670969732828532,0.004190053627136385,0.003521692108895417,0.03083085132958876,0.004197408772184024,0.005064708653964062,CLOSED
0.09340056760919847,0.16340976700977322,0.12840516730948584,0.03018555912020858,0.0030993557537571234,0.0025393409570998744,0.030307750119876995,0.0045129767156383,0.005392188055720753,CLOSED
0.10731329938233494,0.1884540141610383,0.14788365677168663,0.029521911383364473,0.0034226398666653,0.002913547562578207,0.029411658289119118,0.0050952672327844,0.005990222902650147,CLOSED
0.14526660032690647,0.24691251569654868,0.19608955801172756,0.02921401930122112,0.004621441412274827,0.0038662011192712124,0.029012360746698863,0.006768078789520286,0.007558951167006145,CLOSED
0.16378518507845077,0.21117215425480448,0.18747866966662763,0.02903606673227388,0.005010833169833085,0.004500521957558364,0.029307651863823458,0.0057539297998189486,0.006623990160647922,CLOSED
0.10331679072413277,0.19115768403713443,0.1472372373806336,0.029180419212651337,0.0031482229273700896,0.0028814316027018336,0.028453553274846295,0.005088449638091099,0.00578978105520258,CLOSED
0.11151751345782662,0.1819296864569067,0.14672359995736667,0.027935138178253303,0.003313599738982169,0.002916914556497049,0.027594656448249624,0.004693043093358075,0.00534753129767415,CLOSED
0.09835763547638417,0.10578636702833286,0.10207200125235852,0.028535043628413363,0.002827831300809203,0.0027854475382031976,0.027110264446695988,0.002602478056197833,0.003133314713788857,CLOSED
0.12816663455986782,0.12406677070323628,0.12611670263155206,0.02676065497329821,0.0036278316575885806,0.0032318145155022624,0.02697229108170634,0.0028995491074282074,0.003793180998521803,CLOSED
0.13422151838155286,0.15790767831034727,0.14606459834595006,0.026100985233722472,0.00374601934211362,0.003260608396535822,0.026746125737116745,0.0037845840448437924,0.00466225319304567,CLOSED
0.1270504431127621,0.12015436525847113,0.1236024041856166,0.025969630643472342,0.003488187144048191,0.0031107190174076613,0.02694080668771273,0.002818827867625742,0.003655283186600853,CLOSED
0.12332129131007336,0.14967207629173712,0.13649668380090524,0.02585267629727571,0.0033484441884888342,0.0030279266611138987,0.025183709540249528,0.003397985335096161,0.004140610856138189,CLOSED
0.09693648827152446,0.13078712890858055,0.1138618085900525,0.02615494470719244,0.002603293399347062,0.0024674435823551994,0.02625389570448314,0.003089998013738647,0.0037773452699706852,CLOSED
0.106453557743281,0.12351887843591064,0.11498621808959582,0.025525935709659858,0.002891298435387087,0.0025433549066520215,0.025847588853562406,0.0028507146054068547,0.0035346157655222928,CLOSED
0.07585903853564649,0.16215651513037332,0.1190077768330099,0.025527115353730975,0.002124892704954401,0.0017480321496907412,0.02540723063208727,0.00373899877729374,0.004500897179532148,CLOSED
0.08488499200507378,0.1304177408166184,0.10765136641084608,0.02478532700330831,0.002263465579736505,0.0019443389893014252,0.024890207125844877,0.0029337800157095907,0.0035584691479111797,CLOSED
0.08754361818471658,0.17659043452431442,0.1320670263545155,0.02447482434500685,0.002316603800795074,0.001968625554399497,0.025043847323761772,0.004029406138771508,0.0048156016233558505,CLOSED
0.12328974191864357,0.16755965439332887,0.14542469815598622,0.024364884486803774,0.003180477165573566,0.002827403474937634,0.024683614774960536,0.0036743949742508914,0.004597560947490016,CLOSED
0.14481762547084456,0.1616434470539927,0.15323053626241862,0.02436363962663726,0.0037257597269884537,0.0033308091501255107,0.02496424688102465,0.0036339260011811836,0.004436687836730238,CLOSED
0.12956281026646732,0.1524750780836949,0.1410189441750811,0.024738321131586825,0.0034446494543782452,0.0029656833597872002,0.025135529269459875,0.003442966767083437,0.004222116808988349,CLOSED
0.11315230685534895,0.15501948942451443,0.1340858981399317,0.024434102716532374,0.0029474801582915246,0.002582070018340848,0.02526823118758386,0.0034970072641747067,0.004337129330544977,CLOSED
0.09438642328178187,0.15891463534562333,0.1266505293137026,0.02444312488005821,0.0025305933477521307,0.002083604914765126,0.0250047501779104,0.003572950358632166,0.004374291154229918,CLOSED
0.13720809107569548,0.15784036414807906,0.14752422761188727,0.024518413239537004,0.003623430762461358,0.0031048185911425035,0.025427143868955608,0.0036245533181668813,0.004402305976876217,CLOSED
0.1289953794406759,0.14389099966547095,0.13644318955307344,0.025447167643359074,0.0034316428835756735,0.0031334912081155144,0.025401310848835446,0.003219768674571125,0.004090271347133485,CLOSED
0.21061116063026927,0.17523311546154732,0.1929221380459083,0.025086066774408614,0.005470011513374311,0.005096799764638956,0.024822732092998807,0.004164727599941313,0.00453480175790572,CLOSED
0.23356259978321803,0.13436569222982014,0.18396414600651909,0.024484676495510116,0.006011496276435378,0.005425913117849412,0.02574853969198623,0.003278256089037055,0.0036411846302044047,CLOSED
0.18350770263569907,0.09778501771490153,0.1406463601753003,0.02514144197506782,0.004808319967535332,0.004418976548051523,0.02594812276888258,0.002357883743010662,0.002716791546236584,CLOSED
0.22362877910802875,0.18321848368223265,0.2034236313951307,0.025513061221683515,0.006001384673631601,0.005409524790995352,0.02636611562909021,0.004580215096161658,0.005081304356142989,CLOSED
0.26463734266208966,0.15602942103816608,0.21033338185012787,0.02538421971521786,0.0069214536765976635,0.0065137712253740985,0.026865983607934508,0.004068337213486349,0.004315430522447415,CLOSED
0.1826764939533176,0.13114079238571447,0.15690864316951603,0.026745026026246985,0.004662191020946348,0.0051091841493837095,0.02737929757707783,0.003690150198076253,0.0034909353603682657,CLOSED
0.19848051969321426,0.07792070878909454,0.1382006142411544,0.027494339606397595,0.005454385689621071,0.005459795937777967,0.028044859190886926,0.002440176963064085,0.001930373649024439,CLOSED
0.20885304268198868,0.10028671841084848,0.15456988054641857,0.028563564197492057,0.005946113022032513,0.005985061562944551,0.028229750620912274,0.002916605080001631,0.002745533022654177,CLOSED
0.23747457839077077,0.16476078612736292,0.20111768225906684,0.028926887672082863,0.006856588878809598,0.006882212029360526,0.02889384268499243,0.004724298957104129,0.0047968455129352855,CLOSED
0.16329361596256162,0.13431857875354622,0.14880609735805392,0.02981667519052772,0.004850042067087677,0.004887703348597267,0.029460454058128936,0.003998416703404,0.003915755933640043,CLOSED
0.13513849707440911,0.10076286288225705,0.11795067997833308,0.029556782684696886,0.004078692081598275,0.0039098262991314366,0.030487477601504987,0.002901432118833171,0.0032425789315394895,CLOSED
0.08753765213133759,0.10900218664228753,0.09826991938681257,0.031034058779836587,0.002748743445347505,0.0026845538380381308,0.030762272394576025,0.003060387557549927,0.0036459223566390033,CLOSED
0.1453666866876955,0.10839906753609668,0.1268828771118961,0.029989090293011975,0.004521130450741246,0.004197698934605317,0.031075388890459733,0.0031738347468141326,0.003563251611280694,CLOSED
0.23793736223168246,0.19839298646818132,0.21816517434993188,0.029553971417673113,0.007267659601885475,0.00679632840329788,0.031131682795835586,0.005772498864431073,0.006580116182860772,CLOSED
0.1502280942901037,0.15543591792466493,0.15283200610738432,0.030589468445449006,0.004747129089197458,0.004443666010616674,0.03142525589880831,0.004637221000699154,0.00513200599259837,CLOSED
0.10987687747823528,0.1605856174655805,0.1352312474719079,0.031845138736942925,0.0035951605672714833,0.0034029282472814813,0.031986214382470186,0.004780207899883542,0.005492844074107271,CLOSED
0.12498792811609724,0.23496695288984762,0.17997744050297243,0.03136273191500018,0.004073251942270627,0.0037666738219623154,0.03253291540408704,0.007034225010403516,0.008254094991839519,CLOSED
0.1083408981832213,0.17690392907841515,0.14262241363081823,0.03203104305584406,0.00353648928493661,0.003404054663894548,0.03238183318863507,0.005075222350975027,0.00638172469268771,CLOSED
0.11488758288348279,0.1525800739401895,0.13373382841183615,0.0328103095306216,0.003939845606671582,0.0035991487045924473,0.033841881313844066,0.004744954809373566,0.005582238696909323,CLOSED
0.1345278741075696,0.19000313505654115,0.16226550458205538,0.033904724371292834,0.0048268635506690345,0.004295397433077225,0.03344566479902113,0.006151527112944718,0.006558035218783713,CLOSED
0.13490542736350142,0.13817046807958552,0.13653794772154348,0.03497458113899072,0.004892883161867193,0.004543638468962805,0.033708013860665055,0.0044498729063148605,0.004865031200007633,CLOSED
0.1474439568641147,0.12679384442040834,0.1371189006422615,0.034906094158925656,0.005362478209564126,0.0049309070733625955,0.03443967366767622,0.004171979835390775,0.00456149741442717,CLOSED
0.09629601733239025,0.1432578691463956,0.11977694323939292,0.0351128715719778,0.0034776326827273777,0.003284826696242957,0.034370825097065946,0.00458508703793493,0.005262695290483317,CLOSED
0.1134412237670148,0.10243093020670048,0.10793607698685764,0.03466313228581321,0.003943835431639168,0.0039206208605619755,0.0340000518663922,0.003235111262326852,0.0037302026171743795,CLOSED
0.10543962953061108,0.15286522553906284,0.12915242753483697,0.034385564804241105,0.003693184879511254,0.003558017548808749,0.034566532849624916,0.004964393114238739,0.005603648566083936,CLOSED
0.14204320451041574,0.14804565306642017,0.14504442878841795,0.03419782389921883,0.005065492004097738,0.0046496449837581085,0.03238045817956297,0.004562993376080717,0.005024578779485898,CLOSED
0.2150545742035799,0.23853907188352327,0.2267968230435516,0.03462637551291191,0.007761968650854675,0.007131152233430397,0.03085330424273389,0.006966265805339814,0.007753171311863611,CLOSED
0.21909231188649675,0.3186112218268634,0.2688517668566801,0.03691629937409542,0.008162126800161934,0.008014027952167263,0.0266459556921598,0.008199316479490496,0.008780084520156503,CLOSED
0.1520210950069344,0.26073498291736186,0.20637803896214812,0.03699413520726718,0.0056028515833447855,0.005644926302741896,0.022352454208623602,0.006006426237165579,0.005649707295327599,CLOSED
0.1975764349295487,0.4114347484684021,0.3045055916989754,0.036926004119393556,0.007485913132250777,0.0071055033679564405,0.018597844790178168,0.00803828603213251,0.007265313154470166,CLOSED
0.18154078130595971,0.4417897845217607,0.3116652829138602,0.038173948764276266,0.007060837139565433,0.006799419828835344,0.018340543568566847,0.008424113726630574,0.007781215855707651,CLOSED
0.227015291382669,0.40674413429926554,0.3168797128409673,0.03544645495596789,0.008440998976432858,0.0076527756241905436,0.018106519277994847,0.007479494891622806,0.007249946126179149,CLOSED
0.11246324599363204,0.33922867100378634,0.2258459584987092,0.03652196052844607,0.004159442802825661,0.004055313659335039,0.02068970643997744,0.007143517578320996,0.006893565659863056,CLOSED
0.1364556606938344,0.3333416758572491,0.23489866827554176,0.03586800790969268,0.005132472642485424,0.004656312791692163,0.02509575773692951,0.008167177130756693,0.008563746751114524,CLOSED
0.11478849051863159,0.27150660848521335,0.19314754950192248,0.034608773436853986,0.003966379604192027,0.003978998118843539,0.028655414109674607,0.007349397678428858,0.008210870920885304,CLOSED
0.1403463717310889,0.22223814989271068,0.1812922608118998,0.03419223481049354,0.004971527310958968,0.004625984883101442,0.02973843562095132,0.006173901555455334,0.007044128270752077,CLOSED
0.1057355072605151,0.21518245407770178,0.16045898066910844,0.03263942849082412,0.003798701744873916,0.003103591311467279,0.03293958079572077,0.006516735535278697,0.0076593041285491666,CLOSED
0.21410622375022445,0.25426460470184664,0.23418541422603556,0.0318062039761217,0.0073178311110258885,0.006301981339287695,0.03384410021045798,0.008055897082684357,0.009154816440319208,CLOSED
0.26042358289900736,0.21702229727037983,0.23872294008469358,0.03072826339249874,0.00866892765670126,0.007335801241176597,0.03384680142703773,0.006957717773253738,0.007733303428646459,CLOSED
0.3200672970849868,0.3074772987359861,0.31377229791048644,0.03048058399145902,0.01055551674629979,0.008956159517136627,0.03469848575251164,0.010462933648381507,0.01087505969044125,CLOSED
0.338936696966415,0.32667725945580334,0.33280697821110916,0.030467621866160997,0.011188783343205257,0.009464406896271402,0.03468876047430659,0.011101427758643215,0.011562630652687327,CLOSED
0.32589165795843256,0.32629518064349483,0.3260934193009637,0.029749618379753946,0.010601166683338789,0.008789138231478555,0.03440888991720207,0.010875981668072679,0.011578928234478477,CLOSED
0.2888060230371311,0.3045903311970241,0.2966981771170776,0.03152076692842137,0.00964691570032053,0.008559858979034878,0.034118945510281704,0.009865732531712803,0.010918869294427045,CLOSED
0.2739077638939281,0.27159183079100363,0.27274979734246585,0.030811687835716417,0.008926957303396,0.007952163730361658,0.032660046346083826,0.008310859973166163,0.009429543588537707,CLOSED
0.2246105525302516,0.2853596408516606,0.2549850966909561,0.03175161377020342,0.007387643420709437,0.006875851604595635,0.032191838614548676,0.008623962049189034,0.009748540961615426,CLOSED
0.20886521324857518,0.2968406239363624,0.2528529185924688,0.03258886433110081,0.0070531546893151855,0.006560205506773325,0.030699731831724534,0.0084187044575343,0.009807150645681934,CLOSED
0.25381412985826873,0.2916722188914077,0.2727431743748382,0.03297170056328413,0.008550418696171146,0.008186948280663554,0.029615377145657297,0.007970297413611879,0.009305668117147618,CLOSED
0.25372098565348244,0.30941571009815516,0.2815683478758188,0.03293551707464251,0.00866281916763845,0.008050044542732346,0.02863687583226977,0.008199382066056728,0.00952201647521217,CLOSED
0.2647537764125898,0.32415781733883975,0.29445579687571477,0.03253035315405755,0.008769776909783675,0.0084552907813602,0.02838491406048268,0.008687463902358354,0.009714919672034862,CLOSED
0.27682202160959035,0.31746197593132464,0.2971419987704575,0.032730338922437034,0.009272771179187326,0.008848185997764834,0.028691620689129702,0.008526555175340863,0.009690442017945517,CLOSED
0.2652693314845295,0.31599728830410395,0.29063330989431674,0.032068638411385526,0.00869534099460526,0.008318311551409425,0.0286462774735802,0.00849986254965343,0.00960442945366313,CLOSED
0.22237292190282484,0.3171910477746723,0.26978198483874855,0.03303478246035524,0.0074995498624116546,0.0071925323378551126,0.02880041374762743,0.008582177527793559,0.00968828929811448,CLOSED
0.1762655706170109,0.18745121867979017,0.18185839464840053,0.03381230078230789,0.006184834126554434,0.005735054855980575,0.02928600165787944,0.004905303364732486,0.006074090037323228,CLOSED
0.1439937982322039,0.20491669636397225,0.1744552472980881,0.033338180248014944,0.004861051374422686,0.0047399310257003335,0.029357766841136165,0.005373215108215391,0.006658578079203392,CLOSED
0.15848068214596744,0.2270184335409175,0.19274955784344247,0.0338800929573272,0.00546333096943667,0.005275349516655335,0.029510991443163336,0.006038740450164594,0.007360337649168128,CLOSED
0.15063117825995784,0.23542378912629677,0.1930274836931273,0.03425172007297657,0.0053003867753380896,0.005018367128707329,0.02974550281370724,0.006391604606754271,0.00761399335698549,CLOSED
0.16147247397963943,0.2407096048366952,0.2010910394081673,0.03389377414355286,0.005659701629807642,0.005286121497125588,0.02967237465250768,0.0065497463498199685,0.007735104804523023,CLOSED
0.1581154849945136,0.20170003796660307,0.17990776148055834,0.03393099710832715,0.005474218850886734,0.00525581327737444,0.02906014770215048,0.005170283264978467,0.006552582524699224,CLOSED
0.21317773351205832,0.1941901735809049,0.2036839535464816,0.03289943742696748,0.007157374243785687,0.006869480765219736,0.029709805448462086,0.005240134391695647,0.006298570162487887,CLOSED
0.15739801010916493,0.1715840494091253,0.16449102975914512,0.03201106500959235,0.005303476801801837,0.004773479066168069,0.030808076922288975,0.004747843017153119,0.005824506168515211,CLOSED
0.14359636959438593,0.28479402376668445,0.2141951966805352,0.030863895262194498,0.004839640251456334,0.004024246370928662,0.030813017830196496,0.008160710254892267,0.00939001640962024,CLOSED
0.1642144808622197,0.19191008247852678,0.17806228167037325,0.030409507192780506,0.005417407249625621,0.004569955624251153,0.031928247066684595,0.005748992046560258,0.006505713009364185,CLOSED
0.1115865215515889,0.17316497483640247,0.14237574819399568,0.03082076832493753,0.0038586079293352047,0.003019756728519135,0.03273152902747787,0.005452999778643883,0.005882909022156484,CLOSED
0.10778371571491295,0.15694193141458052,0.13236282356474674,0.02977748749465587,0.003732829438970204,0.002686227054686524,0.033655234918123784,0.0051129663156653056,0.005450868824858251,CLOSED
0.09859062363179441,0.12443007210281319,0.1115103478673038,0.029105279572234077,0.003440096368382401,0.002298918959626167,0.03228760054600165,0.003774542552756976,0.004260554375174657,CLOSED
0.13871502472982758,0.21920881516354246,0.17896191994668503,0.028474350869623653,0.004391517616527079,0.0035081229535641866,0.03308582952823382,0.006947708225252228,0.007557702753921938,CLOSED
0.09556337337707885,0.18007734225813127,0.13782035781760504,0.028495756513031472,0.0031662894383050685,0.002280011800329237,0.031769923423409334,0.005487461102692458,0.0059546256449713505,CLOSED
0.12894676930087196,0.24294575105688954,0.18594626017888075,0.027099070160149997,0.004009288113411922,0.0029793869830060877,0.030835542778024756,0.00734243827684148,0.0076402899220666615,CLOSED
0.08573485636838622,0.17309126499981922,0.12941306068410272,0.02714923576774266,0.002741033279917703,0.001914238378200039,0.03083870056803566,0.005169105468962757,0.005506713915581115,CLOSED
0.07564451183455821,0.15363748658170526,0.11464099920813173,0.02695153615169777,0.0023459195893823304,0.0017315520013909203,0.03139086818087064,0.004629350583522252,0.00501627759433093,CLOSED
0.15945070059685387,0.20885860432120104,0.18415465245902746,0.025725740948710978,0.004512632805082306,0.0036913420302079696,0.031095774055414534,0.006210619443270079,0.006778620495732509,CLOSED
0.2260737711945356,0.17996686771614157,0.20302031945533858,0.024003907305488306,0.005784820432188042,0.005068487263723567,0.030721488930843567,0.005451064521610933,0.005606635747309132,CLOSED
0.1645081887343032,0.1797068399445204,0.1721075143394118,0.022729645992399607,0.004077562494712757,0.0034008632908503894,0.03036182245526547,0.005352075015683343,0.005560379321101333,CLOSED
0.225627801684912,0.21683038158735926,0.22122909163613563,0.022156588883398838,0.005193357308667118,0.00480492757652816,0.03011351289972389,0.006513219269025302,0.006545829716940691,CLOSED
0.17753281936771625,0.1586113070248069,0.16807206319626158,0.02091378240167844,0.003954989833956255,0.0034707756728695476,0.029795762368637208,0.004716634829455424,0.004735254796724784,CLOSED
0.13145373701627955,0.08611215795671204,0.10878294748649579,0.02057697328781139,0.0028999905227308246,0.002509849547603111,0.028445378686669787,0.0023609130203734625,0.002538072864836535,CLOSED
0.1472825551598149,0.09010154848353262,0.11869205182167375,0.020966246490156448,0.0034357974891489475,0.0027401272212125363,0.02830162116247018,0.002493211868734057,0.002606827913931703,CLOSED
0.12499572261142841,0.09870392505670599,0.11184982383406719,0.021733301360332337,0.0030123688210106454,0.0024207705955227154,0.028885523877454026,0.002718295388660398,0.0029839337793874294,CLOSED
0.11597919214597328,0.10628926998488486,0.11113423106542908,0.021265447770264484,0.002772961522715885,0.002159737383319443,0.02859170447100128,0.0029894644820231387,0.003088518309669451,CLOSED
0.15591190586400164,0.11604854087178583,0.13598022336789373,0.02096250289030156,0.0034905158368578612,0.003046091717755256,0.028369491956163922,0.003267126681799675,0.0033173496117737014,CLOSED
0.13868222785393403,0.15786755860517,0.148274893229552,0.020266598808733997,0.0030524953024916794,0.002568738845142553,0.028832849306928896,0.004500164214427283,0.004603378841003981,CLOSED
0.11867894919786987,0.18086513851228897,0.14977204385507942,0.019822355058040246,0.002538078379217358,0.0021669141586132356,0.029305649916972532,0.005234073502410017,0.0053666673604417575,CLOSED
0.08896186518139841,0.1837034515575634,0.1363326583694809,0.01984489488686276,0.0017979717493713584,0.001732905977556856,0.02922274069036511,0.005269763186278021,0.005466873471305427,CLOSED
0.08714255011343698,0.1520802885247059,0.11961141931907143,0.01989954038387839,0.0018154681903060316,0.00165272519996694,0.02973741710881646,0.004397056841129291,0.004647893106647374,CLOSED
0.09851133314087299,0.16693569170706843,0.1327235124239707,0.020086010339402792,0.0020864318829215776,0.001870967429110278,0.028620007740350003,0.004715080982386464,0.0048403205952074965,CLOSED
0.10322218114637069,0.19659025695764015,0.1499062190520054,0.020363513747264268,0.0022119903750107313,0.001991942234582713,0.028874733798149754,0.005598851077154308,0.0057541315967691254,CLOSED
0.08894187583939855,0.14517214189036076,0.11705700886487966,0.02059576820436424,0.0019355982942604218,0.0017280542226387715,0.028631697968297905,0.0041150123342171925,0.004198037505814203,CLOSED
0.0837734668182403,0.21778244276292083,0.15077795479058057,0.02114151951440764,0.0018818830445419613,0.001660313722512855,0.028425348973983525,0.006054584045666375,0.006326499826218861,CLOSED
0.0661568237553745,0.1751696557560576,0.12066323975571605,0.021060127777562977,0.0015092000932808369,0.0012773422300109648,0.02828322185585068,0.0048572139470389455,0.005051510525284191,CLOSED
0.08881147109698809,0.07357642815417252,0.0811939496255803,0.021869336675369066,0.0020764176189952935,0.0018080783051143893,0.02809204783756952,0.0020059214481283096,0.002127903630720713,CLOSED
0.1609768495046538,0.07892288372695706,0.11994986661580542,0.022562364249760606,0.0039582480198431715,0.003305788608762617,0.029094306473389918,0.0021332681496802172,0.002459144984151396,CLOSED
0.10171512512009687,0.1411300618209771,0.12142259347053698,0.023608141957228483,0.002693207606671649,0.002109402619393359,0.02790976785397973,0.0038236351299582015,0.0040541793953243555,CLOSED
0.13637834826045012,0.13132398092708747,0.13385116459376878,0.0241964822615442,0.0035733140465324218,0.003026438522552936,0.027223400274566614,0.0034641721234223263,0.003685998473432981,CLOSED
0.19540277182393329,0.14147925914719073,0.168441015485562,0.023464216258775924,0.00517149618796432,0.0039984496033177155,0.026943050747601643,0.003655642025043872,0.003968123692827816,CLOSED
0.14687139260809073,0.14401028254305315,0.14544083757557194,0.023805986422914753,0.003887598777091697,0.0031052379795938846,0.026730133122017895,0.0036407358760253096,0.004058092170605131,CLOSED
0.1498687436517892,0.13961748504055357,0.14474311434617138,0.023497950917711792,0.003971205903550165,0.003072010861307582,0.02539034277678607,0.003365857191294227,0.0037240144143306855,CLOSED
0.18549875606306376,0.1922533368410296,0.1888760464520467,0.024160658049790784,0.004884428145128653,0.004079115882673825,0.024898953455539927,0.004400807199148298,0.005173006572205772,CLOSED
0.14578190604237237,0.17297284159709572,0.15937737381973405,0.024807043757593825,0.003841038313975692,0.003391797930541435,0.025439328603594234,0.004001713620059188,0.0047989122937127544,CLOSED
0.15559250509843117,0.18274021975102575,0.16916636242472846,0.02465057555234505,0.004093537986319654,0.0035773516182953657,0.025005229720070847,0.004141806075857414,0.004997116272083838,CLOSED
0.12925899845044475,0.15339187262485007,0.14132543553764743,0.02478970840498031,0.0034454959127064376,0.002963089847906216,0.0250082576419971,0.0033614336471953477,0.0043106932943859574,CLOSED
0.1180343471594521,0.17516080293534217,0.14659757504739712,0.024797822192684588,0.003133202454240309,0.0027207870527390875,0.025220764552637706,0.003886814093023778,0.0049485646463426946,CLOSED
0.1107208790096392,0.1559526229414924,0.1333367509755658,0.024515647806420994,0.002933371674165717,0.0024954164750696146,0.025440425919530444,0.003496847635745882,0.0044381546660531195,CLOSED
0.14469046560558377,0.15146152848087407,0.14807599704322894,0.024454698250878853,0.0038090655452862952,0.003267657807041138,0.02491006940334356,0.0033490077096840795,0.004196826663106061,CLOSED
0.1559803425868935,0.15356173320990324,0.15477103789839836,0.024512093719455168,0.004028582124255687,0.003618227427509629,0.024513431310580827,0.00334017532823048,0.004188474669718923,CLOSED
0.1638854532835976,0.16002856870365448,0.16195701099362603,0.024204657032137825,0.0041431463796252795,0.0037904359989465717,0.02386704051152754,0.0034316047525517882,0.004207211911951991,CLOSED
0.14080933691927935,0.1836676882898972,0.16223851260458827,0.02389473228735655,0.0035206315434532912,0.0032085712750394508,0.02393405665308279,0.003936510730585739,0.004855314983156561,CLOSED
0.14528046138995862,0.1777188109950152,0.16149963619248692,0.02406607867040184,0.0036505646212454,0.003342097404920642,0.024028830608570008,0.0038212052206767246,0.004719545190034654,CLOSED
0.1550127149038078,0.2156517389059186,0.1853322269048632,0.024374885122041653,0.003963639722687802,0.0035931945137844174,0.02345169422025257,0.004571487542324791,0.005543309735449902,CLOSED
0.12742955990345506,0.22955036940964785,0.17848996465655145,0.024398878768272108,0.003279410168635026,0.0029388665985223108,0.02378097812675128,0.005000795772688063,0.00591706885514896,CLOSED
0.14981275481719467,0.18555813634555832,0.1676854455813765,0.025240885632270477,0.0038551906079281836,0.0037076226132641927,0.02402494157636575,0.004009172697725801,0.0049068740717168975,CLOSED
0.15991152674013254,0.19315174553530604,0.17653163613771927,0.025030643450100337,0.004193934772191046,0.003811442046595841,0.024861711796252614,0.0043893920320772235,0.005214774028806578,CLOSED
0.2597212063479985,0.18591302043363606,0.22281711339081728,0.025188141430798238,0.006828175834009483,0.006255613122132355,0.025196986912054253,0.004254569634721021,0.005114326250572582,CLOSED
0.2313935903778847,0.19618064226494702,0.21378711632141587,0.025697118752571885,0.006190440878680299,0.005701856262368658,0.026686784129307424,0.004760282318238283,0.005710578582708768,CLOSED
0.186536134416926,0.21981689340561758,0.20317651391127178,0.02742386911849767,0.005306882061884385,0.00492420301035615,0.026176219068606895,0.005139525374779781,0.006368424938752331,CLOSED
0.15533865438825917,0.16691015873752355,0.16112440656289134,0.02791999996576495,0.004521524074966239,0.0041525863754381005,0.0272116540455465,0.004020443874525912,0.00506335911797957,CLOSED
0.24785350686935662,0.22246484774578681,0.23515917730757172,0.028279298682929027,0.007245484210255205,0.006772762490484669,0.027175286061911694,0.005503955573448482,0.006587136178974292,CLOSED
0.11018927672469911,0.16015329792591074,0.13517128732530492,0.030366284844094305,0.003535345455834416,0.003156732471739472,0.028649898865915832,0.004268013470026311,0.00490873810721415,CLOSED
0.19826898149680408,0.246170206199817,0.22221959384831053,0.030212809024299115,0.006182823333736191,0.005797702413074282,0.02955602225591229,0.00667908034434147,0.007872543842027149,CLOSED
0.23796783169762972,0.24720471733994334,0.24258627451878653,0.030801116375874998,0.007663685285546253,0.006995664470120403,0.030617123143653623,0.0069089243766315405,0.008228470168346722,CLOSED
0.3005203223933305,0.3767061990667392,0.33861326073003484,0.03112499117363351,0.009579560193927042,0.009127824570052774,0.030518148256378868,0.010719581114714534,0.012273170149716902,CLOSED
0.32368268728110017,0.33454565042164847,0.32911416885137434,0.031043595828368062,0.010188778862238469,0.009907770178950582,0.031155024140586286,0.009609782654611829,0.01123577297541737,CLOSED
0.34057620200359345,0.3341613715933805,0.337368786798487,0.031562168263858936,0.010996748703646064,0.010501898084960793,0.03127247377720705,0.009659024671187844,0.011241080789831224,CLOSED
0.32672400403707236,0.34891783328387027,0.3378209186604713,0.033139006739529915,0.011217461781355513,0.010437156162145966,0.031194353405268143,0.01017494045085137,0.01159359195086359,CLOSED
0.3165736081922663,0.3163447704131781,0.3164591893027222,0.03275726775405652,0.010759294330890496,0.0099808785639532,0.03143047659015778,0.00919294677453659,0.010692787027243876,CLOSED
0.29452459145755827,0.30446349274006457,0.2994940420988114,0.032622098558224046,0.009972774354949468,0.009243246145748809,0.03170406007871294,0.008833642216438203,0.010471815514773372,CLOSED
0.28321515280635934,0.33884038465876676,0.31102776873256305,0.03280748787080091,0.00952151885327539,0.00906163652776793,0.030756970703542448,0.009672893487022265,0.011170514081231223,CLOSED
0.2727237631997491,0.3345862226466809,0.303654992923215,0.033362831399859204,0.009465948007359117,0.008731725853377595,0.03105341752493311,0.009554562434277774,0.011225528905597451,CLOSED
0.26272837435812046,0.3738398958236911,0.3182841350909058,0.03367230212461444,0.009188792035154407,0.00850454636103647,0.030958862664898373,0.01072695293196241,0.012420363054968726,CLOSED
0.29476668184273125,0.3782470227373182,0.33650685229002475,0.03348052704385824,0.01020583081301412,0.009532056913113722,0.03056930049487822,0.010785523421156079,0.012339970377544147,CLOSED
0.2909824117842064,0.35658374715687513,0.32378307947054075,0.03347196914472234,0.009984063094609174,0.009495445523186522,0.029983474771026593,0.00994023947026871,0.011443000103003871,CLOSED
0.304680255964968,0.3465984660903779,0.325639361027673,0.03402836191905884,0.010701909270221908,0.010033630768912932,0.030089116167735366,0.009749218915122027,0.011108464104382508,CLOSED
0.2949717330307226,0.37445220763059395,0.33471197033065825,0.033627086356057496,0.010124212475674287,0.009713867402765808,0.030208211681090832,0.010608179569534344,0.012014883535579172,CLOSED
0.3123372221359042,0.36371363043872357,0.3380254262873139,0.03346044890652216,0.010653531162099394,0.010248356163667578,0.029949236974399458,0.010237434943906519,0.01154845647375044,CLOSED
0.3274064395811876,0.3587648257475362,0.3430856326643619,0.03389778686550324,0.011275564311215151,0.010921143103417569,0.029667003314024474,0.009970798991015667,0.011316155557799473,CLOSED
0.31894875352444974,0.37638561798911213,0.3476671857567809,0.03370932904932367,0.010935986335024494,0.010567110629830123,0.02978705896861687,0.010515898090260838,0.011906943105701133,CLOSED
0.28611650337775624,0.33142132718567396,0.30876891528171513,0.03451262427667382,0.010185231212765329,0.009564031548099025,0.030602182313309755,0.009439001179733588,0.010845430574376565,CLOSED
0.1806694072809301,0.22095206558412034,0.20081073643252523,0.035505426955420305,0.006550654505618423,0.006278834380965867,0.031127113695064195,0.006325663479017389,0.007429536654174999,CLOSED
0.1797093699647242,0.20905982389073224,0.19438459692772822,0.03444531054657867,0.006344397354075832,0.006035892759054012,0.030740706346903155,0.005840516938190845,0.007012776372129732,CLOSED
0.21082003244570813,0.24634185819523674,0.22858094532047243,0.033144704813604126,0.007161770086255916,0.006813365402158963,0.030172520128206492,0.006849035704835073,0.008016473644796067,CLOSED
0.29918207772883987,0.3518255639995333,0.3255038208641866,0.032100254125645156,0.009910684655025374,0.009296956794843192,0.02873337316840372,0.00946944829408153,0.010748822147083862,CLOSED
0.3068203224284168,0.36828949549195417,0.3375549089601855,0.032409602484188366,0.010266366238481352,0.009621483129469633,0.028593399791659153,0.009813168096598506,0.011248129470741287,CLOSED
0.361196022509843,0.3669959193565372,0.3640959709331901,0.032661707504941774,0.01208265005306778,0.011511907625261936,0.02903338180971759,0.010099932272562236,0.011210333026011104,CLOSED
0.3307416622450124,0.31974985672579165,0.325245759485402,0.03307823716390516,0.011198273561714659,0.010682428725734813,0.028800909107942065,0.008666699353952931,0.009751473767721114,CLOSED
0.3248704346430379,0.31491901120785126,0.3198947229254446,0.03266662482193898,0.01072961716047871,0.01049522404797002,0.02872829143647126,0.008547446407586735,0.009546723858142288,CLOSED
0.3539203563820658,0.31497590105264733,0.3344481287173566,0.03359126651154725,0.012048559055115258,0.011728706975068252,0.02903625618552591,0.008682814700634044,0.009608627209829013,CLOSED
0.33070905911505843,0.35467363488774417,0.3426913470014013,0.03365986248831191,0.011321228016374313,0.010942014890529452,0.028629845333159334,0.009711107753213943,0.010597394867957136,CLOSED
0.33711363155812857,0.3512501466602596,0.3441818891091941,0.033342762196247815,0.011392583999770828,0.011088015300541538,0.029213591144775165,0.00974366630511043,0.010778890043039845,CLOSED
0.3418943178066693,0.36183173992912837,0.35186302886789883,0.03291373063550289,0.011370432230690303,0.01113560273350516,0.02898040462175435,0.010002053952513851,0.01097000650376521,CLOSED
0.22757627187716462,0.2578665204884216,0.24272139618279312,0.03305927116107808,0.007599352572966136,0.00744765879066269,0.028539099120860202,0.006777978015004312,0.007940578361336475,CLOSED
0.17314994668808387,0.20428196423333195,0.1887159554607079,0.0334024595860337,0.0058745958118427465,0.005692672381302476,0.028486175447613095,0.005247421540408686,0.006391002207458747,CLOSED
0.16620152252361037,0.2252083604086978,0.19570494146615408,0.03223651092671722,0.005444613988333943,0.005270900405404865,0.028412591548693376,0.005824007954666501,0.006973498360620016,CLOSED
0.19899339994357604,0.20888096994265046,0.20393718494311325,0.032438547591035885,0.0064896603294310505,0.006420453419312408,0.02858393410775833,0.0054080494450117955,0.006533230317398943,CLOSED
0.21616985159169383,0.2746571685402107,0.24541351006595227,0.031526142629249104,0.006884609810580891,0.006745393336265812,0.027431334714027134,0.0067877599738344375,0.008280665469832528,CLOSED
0.23261771140207943,0.2807714884287865,0.256694599915433,0.030895048448482183,0.0071498916865317275,0.007223579240952853,0.026584723358455374,0.006775075080975298,0.00815338961266679,CLOSED
0.16712874075158587,0.33813562011234954,0.2526321804319677,0.030479704344543293,0.005101701822925772,0.0050863673882425514,0.02529964882482418,0.007785408389550652,0.009324016498462546,CLOSED
0.21018040642648134,0.2221700156594783,0.21617521104297982,0.030128380882639957,0.006436905722411015,0.006227884955359178,0.024243786113186862,0.004888788021585393,0.005883696659238141,CLOSED
0.22322491423716834,0.22188938221518767,0.222557148226178,0.027764724538039198,0.006375060954207488,0.006020495553437319,0.023360104143193307,0.004597038553151805,0.0057696796004794125,CLOSED
0.2412679292558442,0.2975385612597289,0.2694032452577865,0.026591116790662055,0.0065803853837991455,0.006250781985567542,0.02319608175541086,0.006222273055115564,0.007581184529620422,CLOSED
0.1734074106605521,0.22782432881181916,0.20061586973618561,0.026559268433080718,0.004681122042998314,0.004530025893039818,0.024978186651667546,0.005076790426689052,0.006304486791015946,CLOSED
0.20761789838559605,0.20895300406451486,0.20828545122505546,0.02552464968831696,0.005436873501854741,0.005161874748779111,0.02506362279568988,0.00462612769386813,0.00584811085793038,CLOSED
0.12925626171412813,0.22510839741941593,0.17718232956677205,0.025005431530205176,0.0033593826577930455,0.003104834546492778,0.024819182478293407,0.004951187509338346,0.006222825276559007,CLOSED
0.12208245635400719,0.15864232175725182,0.1403623890556295,0.024804372781060888,0.0031390609982236113,0.0029172965166411676,0.025105748416271823,0.003472378079218154,0.004493290357203466,CLOSED
0.09313909693948744,0.13718281142511454,0.11516095418230099,0.024871414518533853,0.0023680905650438734,0.0022649116106839254,0.02492588441773456,0.00300654293030309,0.0038322628730614724,CLOSED
0.10486990065328931,0.16692742589572285,0.1358986632745061,0.024718460620506425,0.002716365176003854,0.002468079843145652,0.024653303428929532,0.003669804891144162,0.004560820071290648,CLOSED
0.11114116847780961,0.13707845049108003,0.12410980948444482,0.025136750201433865,0.0029250845329465073,0.0026623710452978447,0.02486789541263785,0.0029856877986625566,0.0038320173416147114,CLOSED
0.12347551345573207,0.14240619009192573,0.13294085177382892,0.024838951414886543,0.0032086822813292377,0.002925322277980959,0.024674774982397965,0.00307167834787053,0.003956003045367186,CLOSED
0.16447200313329582,0.13874317858684787,0.15160759086007186,0.0248562695231902,0.004286573752508647,0.003889747125291722,0.02445865134915373,0.0029277630576043314,0.0038591790066538367,CLOSED
0.13051598694429306,0.1325338398963681,0.13152491342033057,0.02502655291219939,0.0034142050669780754,0.0031185254393204746,0.024651495316235738,0.0028218383947832926,0.0037124762721128185,CLOSED
0.12841726322079677,0.15497930921798683,0.1416982862193918,0.02502949513942983,0.0034127051718907913,0.003015733359316837,0.024654592932473414,0.0034066205825562857,0.004235282980894493,CLOSED
0.1347658910053048,0.15884261845591424,0.14680425473060954,0.02509527222834484,0.0035692850937262812,0.003194688350020867,0.02472572828155048,0.003467888542036685,0.004387110304905176,CLOSED
0.11354736257465016,0.16011348641326378,0.13683042449395696,0.025105876892383992,0.003011824135617917,0.0026895880768901957,0.024851812672387598,0.0035264970634878686,0.004431723677842749,CLOSED
0.1393704803515269,0.14974286575998905,0.14455667305575798,0.024942859612169438,0.003615651809886971,0.0033369448410905393,0.024711077476581675,0.0032625886947664656,0.004138026419954453,CLOSED
0.12380411006885748,0.17643886781955895,0.1501214889442082,0.025052425653874614,0.003245673228724964,0.0029575132975633595,0.02467158543954572,0.003882334371879185,0.00482371883265474,CLOSED
0.13442456102769157,0.16661035802975757,0.15051745952872458,0.024564352895581433,0.0034764902690650264,0.0031276144407706504,0.024865168390373837,0.0036566508804910624,0.00462893833548973,CLOSED
0.15011653011619708,0.16299845458401227,0.1565574923501047,0.024548878337592943,0.0038862719141459327,0.0034841129544223247,0.024476560372511832,0.003565885118550226,0.004413397909953182,CLOSED
0.14797167646915108,0.1782487850854274,0.16311023077728926,0.024329621615809434,0.0037987926042786597,0.0034013971924241773,0.0247039508103729,0.003929519872245755,0.004877378565272503,CLOSED
0.11261499414838072,0.13013384144709156,0.12137441779773614,0.024634388558060247,0.002993881723931272,0.002554521322698512,0.024898478872311475,0.002840005150393455,0.0036402642532928253,CLOSED
0.13160885163743163,0.14299080486494412,0.13729982825118786,0.02462079042714043,0.003453159633537358,0.003027468275506286,0.024387252414487984,0.0030843207565049574,0.0038899849458794186,CLOSED
0.10742522590171887,0.1563113417150952,0.13186828380840704,0.02440882878224462,0.002878674052962631,0.002365573838895381,0.024677454407243102,0.0034226125152818526,0.004292119501736664,CLOSED
0.1118672175256442,0.1462345465908725,0.12905088205825835,0.024449058886500827,0.0030038473215690917,0.0024662490559378535,0.02484381898843564,0.003213401335049776,0.004052647875669413,CLOSED
0.103812927243871,0.14943041929635298,0.12662167327011198,0.024478930439773023,0.002756566308667095,0.0023258925408367772,0.024954940586388724,0.0033078847451370307,0.004150169725542256,CLOSED
0.11373934935206195,0.15002235980185544,0.1318808545769587,0.024351988406912342,0.00300160256694682,0.0025379560667155112,0.02485015696469898,0.0033458078797885637,0.0041103504987927445,CLOSED
0.11285526225082361,0.15858693689066553,0.13572109957074457,0.024664843535089645,0.0029846237289623545,0.002582491042093792,0.024504185074722084,0.003481254630230793,0.004290832673773485,CLOSED
0.12773892135679094,0.16326980314975859,0.14550436225327476,0.024592864717445713,0.003368306212900391,0.0029146258112596017,0.024788592844185255,0.003597332437599479,0.004497124910459804,CLOSED
0.13479371693673262,0.1799056607034528,0.1573496888200927,0.024672345851433828,0.0035590575853987902,0.003092296820327891,0.02471009354295405,0.004006884952382618,0.004884086457395924,CLOSED
0.1371169879314401,0.14746543504825543,0.14229121148984775,0.024803773843273123,0.0036209517485514113,0.0031810857688930896,0.024966398833406605,0.0032873852002172636,0.0040759765308958605,CLOSED
0.1288018770517394,0.16850104930023638,0.14865146317598787,0.024685084328949523,0.0034232238504121096,0.002935746543086241,0.024828668007384508,0.0037596843812944805,0.004607628842648518,CLOSED
0.1365098807743208,0.16205239359596937,0.14928113718514507,0.024670074918715354,0.003586466338462718,0.0031489516332320715,0.024950700687567183,0.003595300683560877,0.004491340853072845,CLOSED
0.12941520044078267,0.1753963528046664,0.15240577662272453,0.025005637504642995,0.003394805470302876,0.003077413709322975,0.024817144353428727,0.003932050592376374,0.004773622620860265,CLOSED
0.10841504235947727,0.1739284596810457,0.14117175102026147,0.024965142564253397,0.002900538441021127,0.002512655536206715,0.02476411568808731,0.003916720235597984,0.004697648758386506,CLOSED
0.10794941351031696,0.21229669197718323,0.1601230527437501,0.024677700279920955,0.002855089176826946,0.002472797367174757,0.02440439058567153,0.0046961759298836765,0.005665766852230682,CLOSED
0.10698013837347577,0.19347107526043505,0.1502256068169554,0.024877134221058438,0.0028801924212328127,0.002442526101375909,0.024953798551499567,0.0044210866291816905,0.0052345898460001246,CLOSED
0.10513399759139035,0.14739307223370876,0.12626353491254955,0.02476708183116046,0.0027366953748044027,0.00247102926836158,0.02487013385342049,0.0032401566607332716,0.004091214210305152,CLOSED
0.09648855026200198,0.12177805675405215,0.10913330350802707,0.025237684690936533,0.002553601466871909,0.002316693748724066,0.02560118186176061,0.002761784566055189,0.0034735397894093997,CLOSED
0.16014123896103674,0.13831586527822087,0.14922855211962882,0.02507193954792226,0.004357461674956011,0.003672641249764961,0.02614037291871233,0.003272023404956948,0.003959233192937188,CLOSED
0.12356532022772762,0.14458463863667145,0.13407497943219954,0.026034649839410614,0.0034790062132383924,0.002954953475608667,0.026351354043337497,0.003367477254977428,0.004252524748908458,CLOSED
0.202578320806672,0.19718338805658245,0.19988085443162723,0.026362908218461243,0.005511252009054134,0.00516985534789845,0.026434686685162773,0.004818999734087546,0.005605962431501702,CLOSED
0.17763552577939787,0.21804493693192042,0.19784023135565915,0.025906777568745508,0.004891815590278257,0.004312112519069782,0.026863113123204805,0.0054042432859781825,0.006310488327510288,CLOSED
0.21798515192888138,0.14176405826774105,0.1798746050983112,0.02727885986986269,0.006143002955750119,0.005749769870607249,0.029149379710675518,0.0037719195033615598,0.004492749224183867,CLOSED
0.11061474166878499,0.14092068078745507,0.12576771122812003,0.028143829957849923,0.0032513672610687138,0.0029748776996468486,0.028747381136983278,0.003815922223446285,0.004286278817913971,CLOSED
0.17776033262573604,0.16334228712371288,0.17055130987472444,0.028826436563834976,0.005371486473975237,0.004876907430028732,0.029735396904654557,0.004466950480425394,0.005247144997449902,CLOSED
0.13601344002158597,0.14571986679221974,0.14086665340690285,0.029435090322157867,0.004308999595671422,0.003698136188454147,0.030572755006011303,0.004037275817182339,0.004872839756711932,CLOSED
0.17807592643759879,0.21251233770589337,0.19529413207174606,0.030177009499519347,0.0057222384719058965,0.005025359375580358,0.030623516734888213,0.006107534606651774,0.006908215653561507,CLOSED
0.168138261338053,0.20552099075414923,0.18682962604610112,0.03167866120376555,0.005518757509300078,0.0051340325233366685,0.030949013402368344,0.00604159425621221,0.006679749538424161,CLOSED
0.1875058706054081,0.164968120375412,0.17623699549041005,0.03066811410585671,0.006125269903670398,0.00537563296681892,0.030472792321274075,0.004763853954389169,0.005290224589272577,CLOSED
0.16730226095912523,0.1787107816858883,0.17300652132250677,0.030796440182293435,0.005535010111223329,0.004769618032756963,0.031552838454344374,0.005274750418962046,0.006002914430206832,CLOSED
0.1662056222032789,0.19872556221572524,0.18246559220950206,0.0314027546261826,0.005672435938501381,0.004766192804581766,0.031977499350092795,0.0059055782522326895,0.006803914820967669,CLOSED
0.18602411466662425,0.23155267444661126,0.20878839455661774,0.0310095130641731,0.006223981599834692,0.005313052828177146,0.03229210826910921,0.0069741716846897575,0.007980476381773778,CLOSED
0.1446229056842178,0.21721792658662312,0.18092041613542045,0.0313981612746904,0.004936146026922475,0.004145640606452345,0.0323523221078878,0.0065910557658725,0.007463952891203412,CLOSED
0.13691542082510588,0.23273096308632937,0.18482319195571761,0.03145522094576869,0.004737121326325316,0.003876288299547895,0.032435593773627654,0.007023669336356344,0.008073864618070279,CLOSED
0.1459056507634505,0.21940227772089874,0.18265396424217462,0.031240920727277563,0.004891292385516264,0.00422516135280934,0.03241896766921978,0.0065498988859836425,0.0076756918099903475,CLOSED
0.15195713491621876,0.2047871596470665,0.17837214728164263,0.031089044881091286,0.005136466711362229,0.004311937663462508,0.032213619943043004,0.006111978006096282,0.0070818934540754636,CLOSED
0.16891865479830287,0.20434032596059082,0.18662949037944684,0.03130296732776459,0.005653521649158427,0.00492178861524401,0.03192550504946203,0.006022262088986286,0.007025074127540834,CLOSED
0.17422107820825544,0.2233517897835266,0.19878643399589102,0.03141304807511065,0.00580386396048597,0.005141766250421113,0.03205106688512683,0.0066728825672249725,0.007644443739304224,CLOSED
0.1545076858473395,0.21629040038895167,0.1853990431181456,0.03096877765002499,0.0051543658181449625,0.004415462518307377,0.03203465126267685,0.006385488682755361,0.007472086413094262,CLOSED
0.18943494680695896,0.22437382269014117,0.20690438474855005,0.031093635480124827,0.006288787730857428,0.00549165463556741,0.031931724726247224,0.006589013822524683,0.0077402724613101,CLOSED
0.1652305792204743,0.21981842316691794,0.19252450119369613,0.031102195925664322,0.00544969458656731,0.004828373109085073,0.03183137739504888,0.006450239343090218,0.0075440070293312225,CLOSED
0.17833486640034418,0.2395594616300789,0.20894716401521155,0.03129458210535666,0.005939839750708772,0.005221990486917993,0.031922688039453105,0.007069168017842503,0.008225595903190188,CLOSED
0.16611871247416427,0.2336711610227897,0.19989493674847697,0.030886318349194947,0.005488850302828217,0.004772740571642621,0.031455400376720566,0.006846406458044137,0.007854033394885846,CLOSED
0.1529765438440472,0.24438288881281353,0.19867971632843037,0.031243688683806472,0.005095496857452292,0.004463606166123872,0.031509844856525575,0.007183349317741798,0.008217584506420789,CLOSED
0.15110041862707266,0.24954192751264573,0.2003211730698592,0.032037287853803116,0.0051530046210547615,0.0045286905917166,0.03186411416503026,0.007473854225697162,0.008429010708752136,CLOSED
0.15471183870966088,0.26727977519551743,0.21099580695258915,0.03181290763674228,0.0052290630075690556,0.004614603862792963,0.03179746803720552,0.007991960817619234,0.009005679399922651,CLOSED
0.1874647455035222,0.27842024330804244,0.23294249440578232,0.0315515214873237,0.006234811761383045,0.005594784130357054,0.03158342196261365,0.008268814332259953,0.009318113722402972,CLOSED
0.23655558665980375,0.29668536075696955,0.26662047370838665,0.03109389630374808,0.0077282572995534884,0.006982612463790973,0.03135133928812958,0.008704075435815684,0.009898891378010071,CLOSED
0.2762900672125338,0.2986554448181495,0.2874727560153416,0.03145035998408338,0.008999957930972965,0.008378886216748599,0.031074769301972366,0.008685781639623916,0.009875516457379949,CLOSED
0.2911905981209382,0.3100842374135633,0.3006374177672507,0.03132975945629754,0.00947382753104164,0.00877203525908716,0.03125372685478387,0.009147743875893025,0.010234832240301897,CLOSED
0.2987645015187796,0.31126472052767734,0.30501461102322847,0.03127646832981421,0.009706256097809398,0.00898234084184028,0.031111251573751567,0.009145070339786543,0.010222599712953542,CLOSED
0.2505850475725567,0.29288715555599526,0.27173610156427597,0.03133448690201481,0.008190640189526229,0.007513267592479842,0.031388497192552815,0.008645753995548726,0.009740821324259545,CLOSED
0.17529029885492922,0.20110956558496126,0.18819993221994524,0.0318843924248821,0.005781865878494808,0.005396183475436042,0.03201647853338463,0.005906017376901527,0.006971622801916913,CLOSED
0.1298555608252658,0.17293598134367444,0.1513957710844701,0.03210006200351362,0.004281905695392934,0.004054837412591198,0.032466260099041556,0.005141763114448132,0.006087405987125333,CLOSED
0.12790478220390317,0.15852655014260889,0.14321566617325604,0.03157302875240705,0.004221046962921794,0.0038556357692665993,0.032372610052589686,0.004650693494753687,0.005613142886744279,CLOSED
0.13470744876280083,0.18598923765307646,0.16034834320793864,0.03191325369993715,0.004488850968678714,0.004109055006598383,0.031868862950628955,0.00537000752026674,0.006484523529848965,CLOSED
0.13920165501355536,0.19113426238859907,0.1651679587010772,0.0315271986916059,0.004603413760794786,0.004173862710830689,0.03155597303537405,0.005559215395302303,0.006503639864839179,CLOSED
0.12283846133723374,0.20220710251144516,0.16252278192433944,0.03102935657163033,0.003985455738501548,0.003637741096585356,0.030371777392496205,0.00573229983133486,0.006550478377983685,CLOSED
0.1423909562066555,0.2052309275084056,0.17381094185753054,0.030639342307982254,0.004591291691916433,0.004134238805636824,0.029347353257476255,0.005669855541963384,0.006376113515933976,CLOSED
0.10302297251562938,0.18526279947554922,0.1441428859955893,0.03051798412441584,0.003358999770113238,0.0029291071092509757,0.028404451555802967,0.004848379716660563,0.005676196708930791,CLOSED
0.14705348615805114,0.2696641244382003,0.20835880529812573,0.02950866352234345,0.004316485956557321,0.004362217729093721,0.028968503720408677,0.0073324726044311775,0.008291059779666331,CLOSED
0.17503468936683406,0.2288271296798925,0.2019309095233633,0.028956027079098282,0.005181241974514188,0.004955376435661019,0.028727219064430577,0.006141965741819045,0.007005168422579226,CLOSED
0.14116417810613546,0.16154929245074193,0.15135673527843868,0.02817991401849977,0.004074480396167028,0.003881508406879142,0.027804941252775422,0.0040957629815082395,0.00488797419053239,CLOSED
0.22380976316294118,0.2860152696784769,0.25491251642070906,0.027722468275681058,0.006323378273142114,0.006085739845002542,0.02617595242526211,0.00690197847587186,0.008071465708132788,CLOSED
0.1659583955163277,0.17683607077259358,0.17139723314446065,0.02774962747413806,0.0046773770768950475,0.004533190226672468,0.02658848067780193,0.004242050952568514,0.005161553949182523,CLOSED
0.16907986749347828,0.19859570140269914,0.1838377844480887,0.0272088062281879,0.004679302350405475,0.004521620353029999,0.026439434890640587,0.004751659844184056,0.005749856389411472,CLOSED
0.1700616438753202,0.23745430518429603,0.2037579745298081,0.02663573897709455,0.004587680424707935,0.004471754687849341,0.02529357976854273,0.005459792082027207,0.006552346737098556,CLOSED
0.1308308359669453,0.24039819479271274,0.18561451537982904,0.02611162305495495,0.0035215523654357267,0.0033108585800313106,0.025402279284673628,0.005647916952671635,0.00656540721464009,CLOSED
0.1735270054325566,0.2610488333774983,0.21728791940502745,0.025809703046407728,0.0046402868967485526,0.004317074064744782,0.025478699663758826,0.0061677049393299346,0.007134664707069865,CLOSED
0.1545792204957831,0.18187608732942295,0.16822765391260303,0.025538128239673843,0.004042416633789466,0.0038529112786307895,0.025461210842004766,0.004201385236034934,0.005060185577191685,CLOSED
0.16336143280345958,0.13714054881011323,0.1502509908067864,0.02513513924329347,0.00423383269878759,0.003978392022210182,0.025311570707294333,0.0031009222642125636,0.0038415631318760974,CLOSED
0.1093910789704892,0.15411358245730902,0.1317523307138991,0.025765457022564456,0.0029279357363487636,0.0027090865513834245,0.025158342232185656,0.003497130436628886,0.004257354063549402,CLOSED
0.09090027323571132,0.14221907099135067,0.116559672113531,0.02548399847076735,0.00247537010196057,0.002157634746301833,0.025196383936228587,0.003193429664837398,0.003973382966666244,CLOSED
0.11347121874828629,0.16239521045147026,0.13793321459987828,0.02503035420576531,0.0030183289525450778,0.0026621206423138883,0.025009812627387915,0.003645595729119688,0.00447735184083331,CLOSED
0.11282100779561909,0.17296778759120818,0.14289439769341364,0.02521908961668763,0.0029377703440775387,0.0027527158684079248,0.02472825267946595,0.0038282400391062587,0.004726142274820924,CLOSED
0.11020462872345714,0.1579913306986564,0.13409797971105678,0.025276160032434516,0.0029450116697148717,0.0026260879941433935,0.02506156001832208,0.0035455325684257254,0.0043734858649321735,CLOSED
0.16769476003098605,0.15566439479593108,0.16167957741345856,0.02470604348327323,0.004363302046365527,0.003922846020119695,0.02524505630159415,0.0034879073783846306,0.004371605443169089,CLOSED
0.15778237557849,0.15935252882522666,0.15856745220185833,0.02477809970695512,0.00411968241323737,0.0036994124549307615,0.025010055911531628,0.0035446128141421586,0.00442621849698359,CLOSED
0.1418966103935014,0.14787650249793696,0.14488655644571918,0.024728347340724013,0.003696852056972832,0.003320885279590951,0.02504596761409911,0.0031651338600641866,0.004242286324834965,CLOSED
0.12091511296299369,0.16785957030318038,0.14438734163308703,0.024637897348142066,0.003184191059049752,0.0027739972229927296,0.024729919994865433,0.0036470130493986403,0.00465529443854164,CLOSED
0.12629374717657404,0.15362492254008955,0.13995933485833179,0.024999591067948773,0.0033155616912678874,0.002999022376438635,0.02464380848956053,0.0033405603054625613,0.004231246035140515,CLOSED
0.10471982701729142,0.1410556138100053,0.12288772041364837,0.025127960885965743,0.0027705447917483897,0.002492246642802805,0.024784838818506173,0.003017040529285217,0.003975040776167654,CLOSED
0.13828797370369805,0.13275227367777565,0.13552012369073685,0.0253859620668317,0.003617302222144497,0.0034038442873377006,0.02461095889167256,0.002797982139670263,0.0037363393608493417,CLOSED
0.1087142681384363,0.1258447856449655,0.1172795268917009,0.02560478041020295,0.0028679370904902348,0.0026992728357909342,0.024796887014660592,0.0026296778191022803,0.003611440042942502,CLOSED
0.12878989853938,0.15516975493289065,0.14197982673613532,0.024991554800591058,0.0033495165771245993,0.0030878030370943563,0.02492772760822993,0.0033540218083050167,0.004382036959700765,CLOSED
0.15273898753897858,0.18121344341084433,0.16697621547491145,0.025193799266683935,0.003919633887596545,0.0037765168969105855,0.024650547568768555,0.003927217171543933,0.005006804042254801,CLOSED
0.14411066888329865,0.1741436487357577,0.15912715880952816,0.025676806874174847,0.0037906257677736885,0.0036099778590755476,0.024805396534051217,0.003797346105972261,0.004842058415581732,CLOSED
0.1467152894423851,0.1396308393354869,0.143173064388936,0.024982059179464722,0.003789110136685972,0.0035413899500779493,0.025318404559378487,0.003045193453590532,0.004025266704932341,CLOSED
0.11698621361709728,0.13265667082363958,0.12482144222036842,0.02544447469467288,0.0029909426220388873,0.002962362881972768,0.025217782028239905,0.002934680767982942,0.0037559332508620884,CLOSED
0.20575396153659886,0.2128233966561256,0.20928867909636223,0.025816266646804458,0.005475355336159496,0.005148242933170872,0.02606316554171157,0.005107682651541649,0.005986020184854243,CLOSED
0.3324343892080317,0.3642159070293479,0.3483251481186898,0.027114669115749692,0.009118245894028473,0.008909451038115787,0.02594584206644166,0.00886012783566116,0.010039648968077361,CLOSED
0.376712074274281,0.29445997699252,0.3355860256334005,0.028477646264758842,0.010905089821210768,0.010550656568482298,0.028026222945011732,0.007661900863561173,0.008843301063589612,CLOSED
0.41440630208992707,0.34995905321953935,0.38218267765473324,0.029387021167124668,0.012493313149153827,0.011863020393459264,0.027166010413550882,0.009017813965002158,0.00999616860315467,CLOSED
0.36475838224807855,0.3647607893871214,0.3647595858176,0.03078293550337454,0.011418332508933782,0.011038335001181898,0.02814151648338214,0.00970831456367673,0.010821528970381586,CLOSED
0.3796815114331683,0.36433999927597144,0.37201075535456984,0.03161353002007713,0.012322234090261428,0.01168391162926002,0.02977189507851094,0.01041137564173505,0.011282808820962898,CLOSED
0.37877192169693846,0.3811899461926645,0.3799809339448015,0.032532246942732705,0.012891141596358806,0.011753461786877632,0.02976338554122905,0.011009799258050977,0.011681207407894283,CLOSED
0.3981064529300466,0.38406216328127746,0.391084308105662,0.033540644392141265,0.013727054195553905,0.012978439740332933,0.02998918660115134,0.011098921281095383,0.011936502481072786,CLOSED
0.3791395489205912,0.3926129281094924,0.3858762385150418,0.03355322731367452,0.013177032338030558,0.012265678599042679,0.029940005351179678,0.011354404047453635,0.012155262289627412,CLOSED
0.3713974745784155,0.37839170286917984,0.37489458872379766,0.03458773483702877,0.013201869560985156,0.012489725178735579,0.029898621924916588,0.010675649150339814,0.011951131776882151,CLOSED
0.37080812613116476,0.3905105879101833,0.380659357020674,0.03375204560346608,0.012859973879216958,0.012171091687412792,0.02916391268119494,0.011019300086975312,0.011758333286814061,CLOSED
0.35227242939847586,0.3908843764357732,0.3715784029171245,0.03418430351852222,0.01242157738072867,0.011662797914800705,0.02970460861433317,0.011225418780869629,0.011996716050095006,CLOSED
0.18241037925137576,0.19448273158203744,0.1884465554167066,0.03416941650359965,0.006371201743956452,0.006094510702483208,0.031018114049691268,0.005521992236636378,0.0065429828611778835,CLOSED
0.15620121516503777,0.2199841040980104,0.18809265963152408,0.03444420906861432,0.005484480897991007,0.005275973725841334,0.03039754859459605,0.006173124191053476,0.007200830797662418,CLOSED
0.13395846268042766,0.22023470093617475,0.1770965818083012,0.03437277923158801,0.004668758453915072,0.004540290873919453,0.03153673969199583,0.0063743292674378164,0.007516639601699571,CLOSED
0.1573261744649723,0.2347180787794437,0.196022126622208,0.03381851361783096,0.005462065520620536,0.005179009226549293,0.030697502855288005,0.0065499732937550695,0.007860544493284306,CLOSED
0.1656532283289128,0.21241895707870392,0.18903609270380836,0.033581344098702136,0.005775132877680175,0.005350583245468012,0.030502632420439314,0.005807196218521904,0.007151478515287659,CLOSED
0.1581135593567878,0.20725535308593096,0.18268445622135937,0.034254738060284486,0.005572420339183778,0.0052598567799082415,0.031019791420672512,0.005771767175229339,0.007086268471857488,CLOSED
