left_ear,right_ear,ear,left_eye_width,left_eye_height_1,left_eye_height_2,right_eye_width,right_eye_height_1,right_eye_height_2,label
0.4273976728643212,0.4323281754024136,0.4298629241333674,0.0391862529048578,0.0170693527038904,0.0164268738957275,0.0355522375521726,0.014775086703056,0.0159653812817518,OPEN
0.4270191453090828,0.4355387055780506,0.4312789254435667,0.0390782460233875,0.0169541840606609,0.0164201343735091,0.0356599958330237,0.0149064400306207,0.0161561768214469,OPEN
0.4274942216891836,0.4471801361827023,0.437337178935943,0.0391268052489529,0.0170173135379055,0.0164356527762652,0.0358251352384584,0.0153995907557781,0.0166409869536169,OPEN
0.4339461745500308,0.4445209700485453,0.4392335722992881,0.0392175230606234,0.0173748867396258,0.0166617014753445,0.0358122130078581,0.0152039417420964,0.0166346175895799,OPEN
0.4234313204297424,0.4406659303978382,0.4320486254137903,0.0390834928853964,0.0169410084350461,0.0161573415638936,0.0362803648452414,0.01525132087715,0.0167237205822526,OPEN
0.4436452876802396,0.4471833489655348,0.4454143183228872,0.0388816015782066,0.017690551355357,0.0168087272799068,0.0368659671187602,0.0158172508438318,0.0171544424342091,OPEN
0.4362186723199148,0.4247558126218284,0.4304872424708716,0.0392195023478976,0.0175862712085664,0.016630287277929,0.0368682439575731,0.0151326750043688,0.0161873268399087,OPEN
0.439034506608557,0.4372837488001656,0.4381591277043613,0.0387134209307144,0.0174084576071165,0.0165845977077746,0.037242528348755,0.0156786263449668,0.0168924784773132,OPEN
0.4435829675070243,0.4493915792758256,0.446487273391425,0.0383406191247089,0.0174256337568879,0.0165888574579019,0.0371850677643982,0.016030414213742,0.0173908984425009,OPEN
0.4580852150810141,0.4448524205871366,0.4514688178340753,0.0385205021324897,0.0179974426387758,0.0172939023700045,0.0372481684264872,0.0158717809985936,0.0172680947753267,OPEN
0.4451803018932813,0.4391187018470068,0.442149501870144,0.0388095229487967,0.0176882880906395,0.0168661821947195,0.0370727118281672,0.0156132718565857,0.0169453703272802,OPEN
0.4492437462682412,0.4303625736635892,0.4398031599659152,0.0392413665034582,0.0180980325416625,0.0171598444517347,0.0371094077376302,0.0153593786406091,0.016581621801587,OPEN
0.4476153870822581,0.4263577258329474,0.4369865564576027,0.0389667019828233,0.0179240250985609,0.01696016568416,0.0369502377502718,0.0151365681747751,0.01637147049761,OPEN
0.4449686085006162,0.4333692085101764,0.4391689085053963,0.0396635606022826,0.018121005098417,0.017177073640338,0.0374258222984738,0.0156872213848851,0.0167511765897791,OPEN
0.4156437089982209,0.4127716352825263,0.4142076721403737,0.0390584826788796,0.0168544090392372,0.0156144161777473,0.0366219614865893,0.0148175357737995,0.0154154780863468,OPEN
0.4045825604423214,0.4251483563404177,0.4148654583913695,0.0376906323417744,0.0159022298263585,0.014595715248692,0.0386739891676168,0.016180269313818,0.0167040965416607,OPEN
0.4282743212549885,0.4276152256686228,0.4279447734618057,0.0367121868019058,0.0163555522520018,0.0150902215167432,0.0386215849938214,0.0162859681791769,0.0167443873864488,OPEN
0.4426981554314869,0.424966562470549,0.433832358951018,0.0369851302420231,0.0169839574093603,0.0157625404637135,0.0386792271852367,0.0161922647546367,0.0166824916772181,OPEN
0.4329006957623879,0.4443212743758193,0.4386109850691035,0.0371386131863419,0.0167110788562493,0.0154435841197858,0.0385793303583304,0.0167945854790437,0.0174886489797144,OPEN
0.440085294603474,0.454000605294701,0.4470429499490875,0.0374753961255461,0.0170961097605976,0.015888631727988,0.0380398765648139,0.0168816124330535,0.0176586415384689,OPEN
0.4343527675873367,0.4560225513119357,0.4451876594496362,0.0378107800144426,0.0170583581169833,0.0157880757708349,0.0378756954947256,0.0168274128997815,0.0177169296846559,OPEN
0.4327667259951502,0.431877039415205,0.4323218827051776,0.0385001477807305,0.0171650563679356,0.0161581094428568,0.0369487036352806,0.0156224393581852,0.0162921541142844,OPEN
0.4355646422972821,0.4418346470482804,0.4386996446727813,0.0388677009079226,0.0174713790986886,0.0163874133870655,0.0364625094346051,0.0159035489771328,0.0163172509959338,OPEN
0.4405465405249155,0.4612243274172323,0.4508854339710739,0.0391119418084509,0.0178213991920761,0.0166398621217736,0.0360648285434142,0.016383378288175,0.016884574288533,OPEN
0.372818846506237,0.3341652171742466,0.3534920318402418,0.0372350480246969,0.0142630695041416,0.013500785804202,0.036939678146592,0.0117637881235152,0.01292412301689,OPEN
0.1694088699926198,0.1522238394224815,0.1608163547075506,0.0357981201091983,0.0065106557044676,0.005618382446651,0.0382001169648271,0.0054726932037595,0.0061572437377881,OPEN
0.3321186526491094,0.3317505600729057,0.3319346063610076,0.0357309407311062,0.0122025997086147,0.0115312240783856,0.0371766880520015,0.0117240525485555,0.0129427216172588,OPEN
0.4019473954763352,0.3962034114288074,0.3990754034525713,0.0381529048304865,0.015266183537162,0.015404737915779,0.039181171977062,0.0145293764546066,0.0165180515475749,OPEN
0.4312703490577704,0.3945971542993183,0.4129337516785443,0.0380067798370183,0.0162569363668242,0.0165254580469212,0.0400025975847567,0.0148960289991333,0.0166737933439182,OPEN
0.4541982740608597,0.4034939766981277,0.4288461253794937,0.0381979643549258,0.0172538244605207,0.0174450745047703,0.039311935798589,0.0150381945607312,0.0166860640534171,OPEN
0.3614951311738393,0.3224160275637732,0.3419555793688063,0.0346299568565045,0.013093390931887,0.0119437306608859,0.0382308586708863,0.0119197598103436,0.0127327233556947,OPEN
0.3884264549830356,0.3757156182413414,0.3820710366121885,0.0350657530147252,0.0142044481734077,0.0130364840962331,0.0387932477936971,0.0142264685012418,0.014923989655555,OPEN
0.3806606090819133,0.3822338555467163,0.3814472323143149,0.0366059590751342,0.0144864100128541,0.0133824833422822,0.0377960283093889,0.0141528753528384,0.0147409678972626,OPEN
0.4141453168091939,0.383247147219609,0.3986962320144015,0.0372253837522843,0.015874210016991,0.0149592266778762,0.0369765157863309,0.0138065903578853,0.0145356980205789,OPEN
0.4095058353696396,0.3896500783089066,0.3995779568392731,0.0374568991708443,0.0158280426118765,0.0148495949587494,0.0365288441739478,0.0137371726487278,0.0147297613370973,OPEN
0.4179801052610623,0.3555769423928365,0.3867785238269494,0.0387657590154631,0.0164164871073215,0.0159901449602949,0.0360297378331845,0.0125210024012554,0.013101685626623,OPEN
0.4223695242044094,0.3698029046841956,0.3960862144443025,0.0387677930794208,0.016544769849713,0.0162038987851068,0.0335103314416231,0.0118990726489101,0.0128853631591745,OPEN
0.4112156598642057,0.4031612980734755,0.4071884789688406,0.0390679573629829,0.0163528467395169,0.0157778649936143,0.0335233620568833,0.0130377132768777,0.0139929310484026,OPEN
0.442892843840786,0.4156674899476465,0.4292801668942162,0.037124709895226,0.0166539567781317,0.0162305799063898,0.0335181605050021,0.0134888502576923,0.0143759690318608,OPEN
0.391896580810258,0.4244415196614511,0.4081690502358546,0.0393914258144577,0.0155681720681074,0.0153065581117464,0.0343328626064372,0.0139777364242753,0.0151668483337327,OPEN
0.3956252657714579,0.401970098509712,0.398797682140585,0.0373258956485539,0.0150988249613395,0.0144353098108942,0.0351462148212181,0.0135601205486651,0.0146953343191919,OPEN
0.3803441826846285,0.391857009113051,0.3861005958988397,0.0359669496160901,0.0143676453175299,0.0129919947932521,0.0394012090251868,0.0152445911339534,0.0156346887141423,OPEN
0.3935158733872975,0.388841188165313,0.3911785307763052,0.0349774988783499,0.0148504465467363,0.0126779554932978,0.0396313147046805,0.0154848629018775,0.0153357120947653,OPEN
0.3879586389770391,0.4104801188295011,0.3992193789032701,0.0348079762482053,0.014346896194339,0.0126612139872587,0.0406736438810584,0.0168142051034444,0.0165772392436069,OPEN
0.4287609006063971,0.4138814678274229,0.42132118421691,0.0345160187681296,0.0156631102083936,0.0139351283763475,0.0404643808130953,0.0167653748304344,0.016729539820869,OPEN
0.4114065131693602,0.4254068393017393,0.4184066762355497,0.0342021264065195,0.0148709241030025,0.0132710310327652,0.0400980133396904,0.0169907184021146,0.0171252198321186,OPEN
0.4426403740728247,0.3933273271111818,0.4179838505920032,0.0347980119367905,0.0161807798493936,0.0146252301919894,0.0396643364981007,0.0155318885825573,0.0156702463303155,OPEN
0.431639155968522,0.3880419407796939,0.409840548374108,0.0348667245997156,0.0156814128309774,0.0144182743242389,0.0389902152508321,0.0148477401972294,0.0154119373974723,OPEN
0.4166055372863179,0.3999650570967646,0.4082852971915413,0.0359778688227581,0.015610421547423,0.0143667371952205,0.0372061637194911,0.0146934773264018,0.0150688534664338,OPEN
0.3948953105244706,0.4099926731460966,0.4024439918352836,0.0372673214756181,0.0151585905213742,0.0142747904516847,0.0364979771485831,0.0144843529241246,0.0154434535070209,OPEN
0.4211044950905656,0.366448051057808,0.3937762730741868,0.0376383256898973,0.0161052980245826,0.0155940382468143,0.0353651961693109,0.0125586187342263,0.0133603956888157,OPEN
0.4342841090801035,0.3418893472288838,0.3880867281544936,0.038598767016476,0.0167928078926136,0.0167328543980679,0.0333733924799858,0.0109855263072412,0.0118344884323501,OPEN
0.4328974467180501,0.4072504676541441,0.4200739571860971,0.0381220193953052,0.016592669627839,0.0164131800920881,0.032838870572427,0.0129903198396199,0.0137569709560896,OPEN
0.4398360248671289,0.4304628681592363,0.4351494465131826,0.0388936569784598,0.0172241167470645,0.0169895462088383,0.0332839784568982,0.0139139616315461,0.0147410720290671,OPEN
0.4533908361560704,0.4210500188335813,0.4372204274948258,0.0378014573694356,0.0173686948199251,0.0169089739093678,0.033308231593042,0.0136648276694531,0.0143840354096741,OPEN
0.4160611095270777,0.4277058121029212,0.4218834608149995,0.0374816882253561,0.0157738227938099,0.0154155227861693,0.0340160350245666,0.0142088928422407,0.0148888189271666,OPEN
0.3968972199365594,0.4030118631662087,0.3999545415513841,0.0381185460824397,0.0153359587156194,0.0149223312206685,0.0357068826533421,0.0138170060413259,0.0149635885706352,OPEN
0.4150204775473568,0.4504856962139207,0.4327530868806388,0.0380603385105049,0.0160928083309498,0.0154988313975377,0.035850915907467,0.0157238181506365,0.0165768314743274,OPEN
0.4227130869882945,0.4523777654937727,0.4375454262410336,0.0380028427595778,0.01623659167063,0.0158920062838337,0.036869798495974,0.016318342202121,0.0170398119135077,OPEN
0.4108852576650359,0.4620454136919855,0.4364653356785107,0.0398340286318019,0.0167728979372553,0.0159615322991733,0.036883309350539,0.0168516390386523,0.0172318888157462,OPEN
0.4544034966921842,0.4456272151072133,0.4500153558996987,0.0371289763851774,0.0171964765648668,0.0165465968311854,0.0366901318268325,0.0156085919937886,0.0170916505420272,OPEN
0.4472022572429988,0.435386708773385,0.4412944830081919,0.0366805977009605,0.0167208245620673,0.0160864676157164,0.0359419804510948,0.0148430588369864,0.0164542623138125,OPEN
0.4381692620699023,0.4175871915592826,0.4278782268145925,0.0358458209320303,0.0159710452427029,0.0154420285694522,0.0349292588515756,0.0140734152471577,0.0150986069669956,OPEN
0.3716564653899136,0.4024914485901463,0.38707395699003,0.0372370843761908,0.0142079523356208,0.0134708539857412,0.0354832612350582,0.0136560030691509,0.0149074153612513,OPEN
0.3273148449885044,0.3385727912556945,0.3329438181220994,0.0353042600559347,0.0118762029741246,0.0112350138411596,0.0343721817685421,0.0109107687953089,0.0123642022505378,OPEN
0.3728218145547495,0.3854929881604462,0.3791574013575979,0.0361643534749628,0.0137732883436393,0.0131924314258306,0.0348479570029949,0.012778461293524,0.0140888248592184,OPEN
0.3858296477491591,0.4131700580259541,0.3994998528875566,0.0361959430420391,0.0143322034120358,0.0135987324956813,0.0347203585334087,0.0137365341157569,0.0149542909841038,OPEN
0.4045730656038812,0.4088888473234685,0.4067309564636748,0.0366952157312726,0.0151295425291955,0.0145622493135979,0.0348316345599036,0.0136423733184561,0.0148421604927264,OPEN
0.4002857632771243,0.4052339071424926,0.4027598352098085,0.0364994229324127,0.0148869708955184,0.0143334278398323,0.0343373084048581,0.0133048963321686,0.0145243869591461,OPEN
0.4115984500534946,0.4097834653196405,0.4106909576865676,0.036717184440209,0.0154016687849874,0.0148238036268492,0.034668036594357,0.0136243222289972,0.0147884541139301,OPEN
0.4064618211467477,0.4418700665855284,0.424165943866138,0.0384032595738221,0.015666907772313,0.015552009876381,0.0355885289072763,0.015147195770338,0.0163038155055404,OPEN
0.4421761350394278,0.4449393924089688,0.4435577637241983,0.0376000910425616,0.0170651796999869,0.0161865461686741,0.0354730221858873,0.0153513116083122,0.0162153782682849,OPEN
0.4208111444612722,0.4447017455127514,0.4327564449870118,0.0375201255455534,0.0161093727020563,0.0154684012402535,0.0356660296117917,0.0153404400327813,0.0163810512149651,OPEN
0.4291229455028781,0.4445613828514767,0.4368421641771774,0.0378971881526197,0.0165213791039399,0.016003726908718,0.0353377776997502,0.0151319245627058,0.0162876980794922,OPEN
0.4315353714085538,0.4388341505826992,0.4351847609956265,0.0380491178280388,0.016757901036392,0.0160811793509891,0.0354932569201264,0.0150355204296334,0.0161157860742809,OPEN
0.4187600311185882,0.4264964291263508,0.4226282301224695,0.0375225149802386,0.0161670565743617,0.0152588025071831,0.0349135643516088,0.014583829638891,0.0151971914091774,OPEN
0.4143779596415426,0.4104079196685855,0.4123929396550641,0.0352305527286399,0.0152072902709803,0.0139902388424949,0.0376444728174839,0.015305548423489,0.0155936311285993,OPEN
0.408585493655266,0.4069982313095127,0.4077918624823893,0.0348488693989835,0.0150548691298926,0.0134226158835305,0.0384186042432855,0.0156151210442541,0.0156574869085406,OPEN
0.4241197817688287,0.4379697122199441,0.4310447469943864,0.0340164966904402,0.0151815930629415,0.0136725452428376,0.0392924154083184,0.0173041808484974,0.017113594889118,OPEN
0.4499896693274614,0.4200843745094794,0.4350370219184704,0.0343410163460377,0.0162999986440561,0.0146062065357887,0.0394297055824423,0.0164983706397583,0.016629235773628,OPEN
0.4227666480543494,0.4046949497518154,0.4137307989030824,0.0344241000794576,0.0153945330610914,0.013712189744668,0.0394388343612604,0.0158206993471417,0.0161006948330591,OPEN
0.4387731522799376,0.4347882603850696,0.4367807063325036,0.0340030130814609,0.0156302565009833,0.0142089619725538,0.0384935249639767,0.0164717099407213,0.017001355569632,OPEN
0.4315634544918716,0.4165636142469425,0.424063534369407,0.0347144183148802,0.0154947816165997,0.0144681669606915,0.0377066497696119,0.0153531503645048,0.0160612862538415,OPEN
0.4219106892202346,0.4412932005781987,0.4316019448992166,0.0360136255913842,0.0157728056632274,0.0146162615259333,0.0354268191464752,0.0151787030774454,0.0160885257374607,OPEN
0.4324060300381031,0.4167171928775015,0.4245616114578023,0.0362587553964022,0.0160052457064084,0.0153517632437535,0.0360706588049547,0.0147122557225783,0.0153502716423074,OPEN
0.4050982662497317,0.4242274992765847,0.4146628827631582,0.0366297398232906,0.0152731255248106,0.0144041626663768,0.0358307948872001,0.0148475775857492,0.0155532394384291,OPEN
0.4053453500227101,0.4074655704517042,0.4064054602372071,0.0371960509510448,0.0155850584199956,0.014569434164432,0.035795674000588,0.0141247678416105,0.0150462416110951,OPEN
0.429080887037794,0.4370542053435894,0.4330675461906917,0.0373536652984717,0.016590998634052,0.0154644890467102,0.0351601071343192,0.0149393788537795,0.0157943665129911,OPEN
0.4418234152621891,0.4465194714004609,0.4441714433313249,0.0373859629647978,0.0169353323653624,0.016100655314583,0.0356707841906584,0.0153419985870743,0.0165134008154311,OPEN
0.4385395714808662,0.4360082622019525,0.4372739168414093,0.0374921743265353,0.0168371795721754,0.016046424553914,0.0354650129334519,0.0148995222836972,0.016026555032471,OPEN
0.4418329976709028,0.441535484007525,0.4416842408392139,0.0374099870765328,0.0168639289715692,0.0161940044941392,0.0350921407343232,0.0149467683362161,0.016042082351763,OPEN
0.4451458795864023,0.4525815445729465,0.4488637120796744,0.0372571845535301,0.0169039144389952,0.0162658499389929,0.0350227717893106,0.0153855414441181,0.0163157788591459,OPEN
0.4282965699904814,0.4503977618844496,0.4393471659374655,0.0372677683620007,0.0164324867422632,0.0154908279790261,0.0349381093405491,0.0153256948192386,0.0161463976836763,OPEN
0.4447145963150933,0.4514345279139442,0.4480745621145188,0.0375869279458631,0.0172092976077144,0.0162216133686236,0.0354015324005617,0.0154446105232168,0.0165183376101387,OPEN
0.4448919499512287,0.4571498957962685,0.4510209228737486,0.0376958493948492,0.017173077540059,0.0163680823446256,0.0350344222688236,0.0156217233496205,0.0164102416293297,OPEN
0.4326271503026406,0.4540763033851928,0.4433517268439167,0.0376961175675477,0.0167321703319945,0.0158845575094484,0.0353230870207178,0.0156556888332606,0.0164230647237814,OPEN
0.4373879228931477,0.4536333840272088,0.4455106534601782,0.0376760467143077,0.0169152856730071,0.0160428099573853,0.0352362292177544,0.0155821501670905,0.0163865096337261,OPEN
0.4376644313219581,0.4427555029046017,0.4402099671132799,0.0375592521445057,0.0168995071527694,0.0159771903086368,0.0356652992966293,0.0152856462628995,0.016296368789745,OPEN
0.4399138493000722,0.4496853664663091,0.4447996078831907,0.0375140495818396,0.0168953065295253,0.0161105933792363,0.035306301296697,0.0154135312891821,0.016339922785168,OPEN
0.4354779676493848,0.4433168276737662,0.4393973976615755,0.0373270437112936,0.0166397149108415,0.0158704953566663,0.0348448452747033,0.0150176465354902,0.0158769660004391,OPEN
0.4131307848112459,0.4431011878810399,0.4281159863461429,0.0379494399606345,0.0158799775468534,0.015476186281315,0.0332800744249613,0.0143331809829694,0.0151597000379701,OPEN
0.4533436133309094,0.4199473595055694,0.4366454864182394,0.0373634838958459,0.0171278728802061,0.0167491207117419,0.0330765522680363,0.013535031625499,0.0142457899475205,OPEN
0.4459918546696382,0.4212167184556783,0.4336042865626582,0.0381695256823256,0.0171131741794882,0.0169334209223533,0.0334529660457315,0.0137255213897884,0.014456375770996,OPEN
0.4404681942102886,0.4396135928288656,0.4400408935195771,0.0384246659300913,0.0169583998662991,0.0168912865644227,0.0331951611120353,0.014173400264608,0.0150126878173817,OPEN
0.4455207176211078,0.4242456267093,0.4348831721652039,0.0377791937312285,0.0169896135277358,0.0166732134768317,0.0348625853673637,0.0142851605203986,0.0152954382353687,OPEN
0.417806174147028,0.4269855480815089,0.4223958611142684,0.037785075446008,0.0157969954975098,0.0157766801263969,0.0351006811019429,0.0143830639627658,0.0155919031539289,OPEN
0.4547631647480566,0.4073541984251094,0.431058681586583,0.0377594309566688,0.0171265751678521,0.0172166214740287,0.0342592305199323,0.0134484834740121,0.014462799300204,OPEN
0.4557387419362987,0.4172741886650812,0.4365064653006899,0.0378992001185586,0.0173569545730197,0.017187312991828,0.0354527851044989,0.0142069527475628,0.0153801115332317,OPEN
0.4446338491894633,0.4220755027943523,0.4333546759919078,0.0380707921735737,0.0170768900044623,0.016778235727194,0.0351968623296524,0.01431365356765,0.0153978131614933,OPEN
0.445801052912829,0.4114929094056641,0.4286469811592466,0.0377100355164376,0.0170274433191203,0.0165949037580958,0.0357546739060946,0.0140330244921306,0.0153925650888087,OPEN
0.4511078674891469,0.4206668173265017,0.4358873424078243,0.0378250692931584,0.0171886057547218,0.01693776693821,0.0344558089570188,0.0140363162695351,0.0149525147151829,OPEN
0.4681458131472539,0.4129673761755758,0.4405565946614149,0.0375334245842381,0.017749045839765,0.0173931853046135,0.0359890825101639,0.0143062811659392,0.0154183527844381,OPEN
0.4670029308289741,0.4197479842070647,0.4433754575180194,0.0379040758300551,0.0178386989573921,0.0175639300486067,0.0353312379576796,0.0142378743421398,0.0154225574824124,OPEN
0.4501708451110802,0.4190177034875951,0.4345942742993376,0.037535256450482,0.0170892666135056,0.0167052896220435,0.0357970875636869,0.0144209726488579,0.0155782541961029,OPEN
0.4669173769885983,0.4279172107021755,0.4474172938453868,0.0376324187559738,0.0177107478702652,0.0174317126402864,0.035052583108475,0.0145014940269159,0.0154977131564537,OPEN
0.2726317197983156,0.3041781469107872,0.2884049333545514,0.0352271348355325,0.0100872299982738,0.0091208387092829,0.0347795280398749,0.0099401566381122,0.0112181881410895,OPEN
0.3412743318180305,0.3720865192955285,0.3566804255567795,0.0354234237881728,0.012383937208285,0.0117942733597461,0.0357365244534955,0.0127134992939157,0.0138806586973256,OPEN
0.3915164430419821,0.3872090579353193,0.3893627504886507,0.0362842248263683,0.0145119983856221,0.0138997428994885,0.0355498702596005,0.0133080579085609,0.0142224056373245,OPEN
0.4009369716736917,0.4076364890975442,0.404286730385618,0.0363966204778275,0.0149783388080495,0.0142071627790241,0.035751492675526,0.0139796108640097,0.0151676150444862,OPEN
0.4147449202416212,0.4111068561950055,0.4129258882183133,0.0361225011532996,0.0153469273182871,0.0146163204012191,0.0356350018849981,0.0141318224431184,0.0151677647477709,OPEN
0.4235020633050184,0.4330302964669808,0.4282661798859996,0.0365076871460307,0.015721859383027,0.0152003022826492,0.0353438478885593,0.0146856142478955,0.0159242996110379,OPEN
0.4200083981960487,0.4419494825244061,0.4309789403602274,0.0367370267514997,0.0157610123008025,0.015098707219963,0.0354686187124597,0.0150506699728111,0.0163000053988429,OPEN
0.4293532275447669,0.4262371738409881,0.4277952006928775,0.0364537894552148,0.0159657971918157,0.015337307125852,0.0352068470812944,0.0144298886674422,0.0155830453321233,OPEN
0.4151207998797714,0.4242952745353538,0.4197080372075626,0.0366320089271061,0.0155767274621425,0.0148366902319038,0.0354788231635316,0.0145452819669125,0.0155617120618113,OPEN
0.4222693179233499,0.4372346965523928,0.4297520072378713,0.0363940093955069,0.0157124955449774,0.015023651502896,0.0355478808743274,0.0149789551609121,0.0161065786534221,OPEN
0.4307578807215092,0.4314028991844607,0.431080389952985,0.0368322215135727,0.0162417969816497,0.0154897423812538,0.0356675957962195,0.0148846933979725,0.0158895150688847,OPEN
0.4221780695773953,0.4296220751581873,0.4259000723677913,0.0370903607139108,0.0160429257253622,0.015274548046894,0.0353430599065112,0.0146230957223958,0.0157452217565551,OPEN
0.4372839279467168,0.4375429691572541,0.4374134485519855,0.0370565802791353,0.0165209850874769,0.0158875088739893,0.0354890154761713,0.0149688847158176,0.0160870536920058,OPEN
0.4276410073359624,0.4349616331624453,0.4313013202492038,0.0365482718480621,0.0160043339727404,0.0152547456062473,0.0354539772541568,0.0149088385701801,0.0159334011269643,OPEN
0.4204917567411562,0.4230473842061984,0.4217695704736773,0.0366731649008778,0.0158103349663206,0.0150311921025358,0.035870170133337,0.0146033217373848,0.0157462415544942,OPEN
0.4428169884450908,0.4208357360241258,0.4318263622346083,0.0369172553040493,0.0165994591323301,0.0160957164984652,0.0352156947597957,0.0142155197298122,0.0154245259178669,OPEN
0.4247908528353842,0.4371582031386007,0.4309745279869925,0.0369106751217496,0.0160399547511128,0.0153186795762827,0.0348666494955664,0.0146212745140699,0.0158632091718205,OPEN
0.4275597423937239,0.438588545804541,0.4330741440991325,0.0367804679522651,0.0161291943057004,0.0153225004998817,0.0347435253872428,0.0146822470002533,0.0157939775511746,OPEN
0.4328846796011549,0.4380725312831082,0.4354786054421315,0.0365928258759488,0.0161747351773004,0.0155062122327215,0.0349552273480608,0.0147256715741597,0.0159001782777233,OPEN
0.4310299658581533,0.4374577919389841,0.4342438788985687,0.0364481216758777,0.0161091479056301,0.0153113173774646,0.0347252474518036,0.014591092370904,0.0157905677786977,OPEN
0.4338300152669762,0.4424548743985943,0.4381424448327852,0.036349684497937,0.0161608770593041,0.0153782913020754,0.0344140545295418,0.0146562168027926,0.015797115546037,OPEN
0.4304081043959371,0.4411487408858279,0.4357784226408825,0.0364774524823697,0.0161170176368717,0.0152833647153874,0.0345868084882725,0.0147848625915924,0.0157309914401289,OPEN
0.4358391981075289,0.4355201602366911,0.43567967917211,0.0366999557501226,0.0164111348302267,0.0155794237392037,0.0343185802832628,0.0144179776088012,0.0154748895593234,OPEN
0.4365846425676161,0.4530745020932498,0.4448295723304329,0.0369101987956899,0.0164129298999165,0.0158159219967153,0.0345889916384456,0.0151662599141597,0.0161765204148329,OPEN
0.4358214579622185,0.446759488564214,0.4412904732632162,0.0372057519186187,0.0166817238997994,0.0157484061917065,0.0348175435828811,0.0150526579463696,0.0160574779819307,OPEN
0.4315146172089569,0.4412846712885687,0.4363996442487627,0.0366359981492294,0.016265296622821,0.0153526408120445,0.0345904392602511,0.0148418470708771,0.015686614166497,OPEN
0.4327673763025313,0.4334204160107023,0.4330938961566168,0.0366139225287771,0.016366927899712,0.0153236944781339,0.0348692183109081,0.01468738872545,0.0155386734871136,OPEN
0.4334609486774041,0.4359650635265917,0.4347130061019979,0.0367245350416425,0.0163961190274204,0.0154411845703534,0.0349445815438018,0.0147638419243495,0.0157053915009579,OPEN
0.4386735968572431,0.4440239154769465,0.4413487561670948,0.0368648601969702,0.0166361325371842,0.0157071491033045,0.0349383691602941,0.0150657176700083,0.0159612252798572,OPEN
0.4392792671325871,0.4501042296651463,0.4446917483988667,0.0371479408864184,0.0168403712757441,0.015796269220397,0.0349496382015955,0.0152151932501125,0.0162467667094969,OPEN
0.4414939733937355,0.4486657163698008,0.4450798448817681,0.0371751489198449,0.0169010347186419,0.0159241736976104,0.0349832826718254,0.0151900929807919,0.0162015061810516,OPEN
0.4373470980373359,0.4389774445177812,0.4381622712775586,0.0370505757168942,0.016709672673727,0.0156982508670655,0.034714009685695,0.0147796627035481,0.0156976718180356,OPEN
0.4462568485822695,0.4480793535123771,0.4471681010473233,0.0372708982762842,0.0170519659425487,0.0162128212746611,0.0346600998083989,0.0150030863273046,0.016057863902339,OPEN
0.4441731382166937,0.4504684659477486,0.4473208020822211,0.0370387101024019,0.0167730863279665,0.0161301138753979,0.0348885108497662,0.0151718554942066,0.0162604924291844,OPEN
0.4441064947333329,0.4461399638249522,0.4451232292791426,0.0369446266095171,0.0167774619017077,0.0160372353438612,0.0347188530251017,0.0150239596239819,0.0159549760413435,OPEN
0.4470441816490337,0.4575597874109909,0.4523019845300123,0.0372522283664654,0.0170534090383533,0.0162533748510255,0.0349767492436565,0.0153716713031388,0.0166362365933711,OPEN
0.4379753221966243,0.4583145237379949,0.4481449229673096,0.037296281044776,0.0166905152565316,0.0159791861581116,0.0345445019963067,0.0153259950417367,0.0163384989186703,OPEN
0.4474050927217078,0.4407514267701333,0.4440782597459206,0.0372697711233029,0.0170863488984591,0.0162630219118171,0.0344954537274988,0.0145923108550902,0.0158155300398662,OPEN
0.4480346237905852,0.4430513981700296,0.4455430109803073,0.0373412545102387,0.0171265817025833,0.0163337681301432,0.0347419862544119,0.0149136226756769,0.0158713484947653,OPEN
0.4519917652025299,0.4398291981966952,0.4459104816996125,0.0372918598693316,0.0172450864495076,0.0164661406905415,0.03524621303685,0.0149870617197093,0.0160175655192259,OPEN
0.4552148298277388,0.4375224804642755,0.4463686551460072,0.0373193215927919,0.0173882324850427,0.0165883847712561,0.0354453237947775,0.014924738936009,0.0160915130390919,OPEN
0.4481052099776016,0.4315516527162071,0.4398284313469044,0.0372278416797896,0.017125809093543,0.0162381705323271,0.0349556606618887,0.0145309571940364,0.0156393890668135,OPEN
0.4499830876486572,0.433587578041304,0.4417853328449805,0.0371782552413605,0.0171113163346931,0.0163478558391014,0.0353103391980514,0.0148093982561548,0.0158108506492452,OPEN
0.4425596902861997,0.4516244581835186,0.4470920742348592,0.0372134465138589,0.0168678842321805,0.0160704584951303,0.0349506326469767,0.0152918133874994,0.0162773076772247,OPEN
0.4488707488264699,0.4522137732816666,0.4505422610540682,0.0371794034730561,0.0170749777911311,0.0163025155646131,0.0346449490220727,0.0152104440180982,0.0161234022267467,OPEN
0.4316314963304302,0.4426971787897545,0.4371643375600923,0.0371773270776457,0.0164868203093548,0.0156069903228253,0.0346525481995992,0.0149422822207838,0.0157388884308933,OPEN
0.4416788278382245,0.4514783251599062,0.4465785764990654,0.0375699438646598,0.016930291183203,0.0162574063529786,0.0353570468662274,0.0154406039083309,0.0164852766951984,OPEN
0.4305001513418322,0.4523618951543282,0.4414310232480802,0.0371705111234177,0.0164186971496465,0.0155851241785226,0.0350264967843913,0.0153849863066232,0.0163043186253852,OPEN
0.4276123130260512,0.4507427834741828,0.439177548250117,0.0380088334953102,0.0166362970083688,0.0158697934043344,0.0340843020373345,0.0148707148060935,0.0158557915400723,OPEN
0.4014816099142694,0.4003465669607193,0.4009140884374944,0.0393642546465925,0.016115677450363,0.0154923712068154,0.0336594537002926,0.013163460617469,0.0137874328519017,OPEN
0.4436859559801639,0.4160077251326514,0.4298468405564076,0.0381777578845104,0.0170970429768173,0.0167808270315191,0.0326358481197395,0.0131972531307864,0.0139562767373487,OPEN
0.4362645922902196,0.4125230654515643,0.4243938288708919,0.0388177152062586,0.0171559072986237,0.0167136820975688,0.0300623944124175,0.0120955170764141,0.0127073451192347,OPEN
0.4248894137940138,0.4333229448631098,0.4291061793285618,0.0388042326932745,0.0167800751780523,0.0161949401854914,0.0285471367955259,0.0121129799099929,0.0126272788573017,OPEN
0.4394506078212399,0.4496596216189774,0.4445551147201086,0.0387285355677719,0.0172991010426933,0.0167394559478744,0.028755991733094,0.0125967717500923,0.0132640449738706,OPEN
0.4336944718353186,0.4239127807226534,0.428803626278986,0.0384420169096291,0.0169019296390752,0.0164422508007367,0.0301363895065008,0.0125089672742819,0.0130414340790015,OPEN
0.4268268297754541,0.3967538812569674,0.4117903555162108,0.0377148740855333,0.0163225452402413,0.0158728950423758,0.0318327306589149,0.0123245606281265,0.0129349582517378,OPEN
0.4156671657494385,0.4442762578653816,0.4299717118074101,0.0369350089769764,0.0156550922262753,0.0150502487705043,0.0348930057552521,0.0148535319129696,0.0161507361322676,OPEN
0.4134106233487848,0.4826778641064492,0.4480442437276171,0.0367737447673345,0.015636733271854,0.0147685802224117,0.0357081149330794,0.0167781303059381,0.0176929029883945,OPEN
0.4257921146171216,0.4399195880564858,0.4328558513368037,0.0356322261791148,0.0157307304491254,0.0146131114175162,0.0372585481663314,0.0162771373070213,0.0165043930148092,OPEN
0.437022956740385,0.4165950765161512,0.4268090166282681,0.0346399130098181,0.0158484400276688,0.014428434381892,0.0393749345826424,0.0163653655603115,0.0164414422102371,OPEN
0.4350194870591354,0.4290842853561188,0.4320518862076271,0.0341307008552799,0.015755633350092,0.0139394066079733,0.0391380269207323,0.0166065493938643,0.0169804752291975,OPEN
0.455202762055008,0.42741556893526,0.441309165495134,0.0339865991972203,0.0163205282351516,0.0146210594197108,0.0398595291267808,0.0168888932722689,0.0171842733661603,OPEN
0.4523919203846095,0.4318882750748645,0.442140097729737,0.0343322429053538,0.016400544008616,0.0146627145895118,0.0397162606548931,0.0171138528901947,0.0171921217231363,OPEN
0.442584696168002,0.443145634355348,0.442865165261675,0.0340425171520397,0.0157814999513491,0.0143518942697099,0.0388166862128109,0.0170839481197736,0.0173189419509234,OPEN
0.4413290939819328,0.4341149254248787,0.4377220097034058,0.0353856664894193,0.0163037926223322,0.0149296556411123,0.0381950264665902,0.0165588913364364,0.0166031707958537,OPEN
0.4445299316276729,0.4273987699135359,0.4359643507706044,0.0344089033216793,0.0159693769609383,0.0146221979210002,0.0377581775200485,0.015933540996548,0.0163420562559432,OPEN
0.4350869858022718,0.4488350271588487,0.4419610064805602,0.0353680275818434,0.0160262283772055,0.0147501086515061,0.0358495519264478,0.0158187860383108,0.0163622831867687,OPEN
0.4160628779147808,0.4561589847562359,0.4361109313355084,0.0378548930555549,0.0163265501395913,0.0151734813561094,0.0360686492730676,0.0161418344029797,0.0167642424648828,OPEN
0.4089163947169458,0.4519234165377709,0.4304199056273584,0.0371083031226234,0.0157511441044394,0.014597242949494,0.0346090248718278,0.0155268628976123,0.0157543946286219,OPEN
0.4215480251821507,0.4198240798003244,0.4206860524912375,0.0370207208341653,0.0162095441432053,0.0150024793737188,0.0343705503346851,0.0140542075732201,0.0148049617597596,OPEN
0.4072236419243317,0.4256079146100158,0.4164157782671738,0.037683851089795,0.0158626160705186,0.0148288940945224,0.0335514608552869,0.013985447668172,0.0145740869053045,OPEN
0.4328373910364269,0.4236757894852082,0.4282565902608175,0.0384334444116938,0.0170331842483395,0.0162376793670627,0.0332082163749246,0.0136292868399027,0.0145097477401809,OPEN
0.4313868856610576,0.4354650455940972,0.4334259656275774,0.0388235518929507,0.0170605282828659,0.016435413999935,0.0338663867714487,0.0142847074330628,0.0152105478860097,OPEN
0.4325883426761123,0.4233922587693624,0.4279903007227373,0.0388660285136105,0.0171238689531987,0.0165021127690119,0.033898107422271,0.0138556321387353,0.0148487604003083,OPEN
0.4133126601424168,0.4176401007399031,0.41547638044116,0.0369469812974805,0.0155526461999355,0.014988664048652,0.0353813324406875,0.0141317709228752,0.0154215555668062,OPEN
0.4118234590491492,0.4097093801754787,0.4107664196123139,0.0365617437794787,0.0154933139038204,0.0146206536804468,0.0351624142187715,0.0139886853650902,0.0148240565050024,OPEN
0.4217358255555363,0.4332507226532714,0.4274932741044038,0.0374320506719218,0.0163148321316745,0.0152580414530446,0.0343984891166764,0.0146530371275068,0.0151533034084546,OPEN
0.4196142403325674,0.4352701955640902,0.4274422179483288,0.0369297810457938,0.0160854516485601,0.0149070723897975,0.0351602991601122,0.0150535278842959,0.015554932698732,OPEN
0.4006967924870912,0.4431749769695612,0.4219358847283262,0.0362797461484817,0.0152058206671764,0.0138685351607086,0.0352520420438096,0.0153926261522608,0.0158530196895298,OPEN
0.4201108563861511,0.4299096811387058,0.4250102687624285,0.035986618489531,0.0156322855300293,0.0146044526941278,0.0355653108521029,0.015074784079718,0.015504958816335,OPEN
0.4195140720716607,0.4276512095476685,0.4235826408096647,0.0363928555889046,0.0158053655950452,0.0147292644897892,0.0359337196507206,0.0151753499127982,0.0155588474315567,OPEN
0.4230082361052143,0.4232751816475314,0.4231417088763728,0.0366019322404306,0.015962049628952,0.0150037879611822,0.0358951844858035,0.0149420721805209,0.0154450092864793,OPEN
0.4293113725473238,0.4300563192708174,0.4296838459090706,0.0372123723725064,0.0164423633950733,0.0155090259228923,0.0354203842018722,0.0150183164196954,0.0154472036943353,OPEN
0.4288953404760697,0.4423215539222492,0.4356084471991595,0.0372521394350003,0.0164715580295033,0.0154829800233696,0.0348513775642208,0.0151561835260289,0.0156748474350454,OPEN
0.4301622275326848,0.4455509539608313,0.4378565907467581,0.0369309717623599,0.0162657406171924,0.0155068775392944,0.0347561255561306,0.0152562726013756,0.0157149771936573,OPEN
0.1578691125976871,0.1897278245356174,0.1737984685666523,0.0363234458760226,0.0060296503675821,0.0054390499662935,0.035577144596852,0.0062281078974688,0.0072718405976308,OPEN
0.4455568001513656,0.4510557532121037,0.4483062766817347,0.0378086504876846,0.0169271035077473,0.0167646991509209,0.0370278129345629,0.016410930401684,0.0169922857043082,OPEN
0.4467329640186003,0.4684881658616474,0.4576105649401238,0.0376085516062924,0.0169277828569884,0.0166741766060625,0.0363873044872112,0.0169370627688063,0.0171569803109194,OPEN
0.4450501671774459,0.468139642445873,0.4565949048116594,0.0377187690687035,0.0170566316422667,0.0165168573172412,0.0363121823717019,0.0170574134798262,0.0169409306640095,OPEN
0.4371587753246041,0.4633011267061511,0.4502299510153776,0.0390632753142677,0.0172573599926981,0.0168963472004081,0.0360713178753775,0.0167876935514595,0.0166360708754167,OPEN
0.4303571432103571,0.4661141739285106,0.4482356585694338,0.0394286210295944,0.0170636214981359,0.0168731559159042,0.0360289067960528,0.0169596544449294,0.0166275138126495,OPEN
0.4420437122308491,0.4710944574547578,0.4565690848428035,0.038713093372962,0.0174052708057652,0.016820488207282,0.0358437694165475,0.0171160869212583,0.0166555152915854,OPEN
0.4441798173992365,0.4432875582498883,0.4437336878245624,0.0382881373945317,0.0174467380071314,0.0165668977457885,0.0376195013159633,0.0163381484833963,0.0170143652784673,OPEN
0.4437872476370383,0.5011158256205334,0.4724515366287858,0.037043305049955,0.0170256877115351,0.0158530050714623,0.0346177617800037,0.0168942268246614,0.0178007897263815,OPEN
0.4638201520871619,0.452565322709395,0.4581927373982785,0.0368314520020805,0.0174198064236806,0.0167465329147113,0.0334471201161132,0.0146780750561056,0.0155959383619916,OPEN
0.4519223277917845,0.4624350563953542,0.4571786920935693,0.0369181380760146,0.017038198156999,0.016330063637103,0.0332464843520424,0.014870837981199,0.015877841751369,OPEN
0.4413449592668092,0.4559867518193239,0.4486658555430666,0.0357090261996633,0.0162473092251232,0.0152726882019724,0.0335530103169801,0.014811326963155,0.015788129413245,OPEN
0.4064758026436571,0.4231687217255028,0.4148222621845799,0.0359972450225623,0.015211100806496,0.0140529173205167,0.0340941750112712,0.0139943730527743,0.0148608038628361,OPEN
0.4141167923159857,0.4211332270237031,0.4176250096698444,0.0353596665735669,0.0152393793229343,0.0140466840746823,0.0342846763223369,0.0139869574231831,0.0148898753309947,OPEN
0.419935148479703,0.4306697344177347,0.4253024414487188,0.0345828926117687,0.0148658250370282,0.0141793192505332,0.0339173431500658,0.0140918627742536,0.0151224835589344,OPEN
0.4383995451361152,0.4566244163824978,0.4475119807593065,0.0357783366320996,0.016177454606195,0.0151929584042835,0.0337882049476601,0.0149442574692529,0.0159127812604221,OPEN
0.4312196081788457,0.4608948787110948,0.4460572434449703,0.0352261120990132,0.0156416718174536,0.0147387086965475,0.03323373348912,0.0149667419661355,0.0156677731650341,OPEN
0.4381160833449111,0.4386589063814737,0.4383874948631924,0.0355691674352777,0.0160129705394379,0.0151538781097285,0.0333795912796105,0.0142520821040584,0.0150324279082906,OPEN
0.4354688782669504,0.4284299320886077,0.4319494051777791,0.0354395635186443,0.0159823603095072,0.0148832936339615,0.0337742463942118,0.0142022840696614,0.0147375121083706,OPEN
0.4310349406628561,0.4285453197115914,0.4297901301872238,0.0355545794798434,0.0157632922927599,0.0148872398200143,0.0336287953520147,0.0141186794796585,0.0147042462316311,OPEN
0.4193974056605452,0.424602402949331,0.4219999043049381,0.0357655919310571,0.0155522714585219,0.0144477214770762,0.0340248649323167,0.0141380063118255,0.0147560725087507,OPEN
0.4347745406384231,0.4796826321409147,0.4572285863896689,0.0360597620355109,0.0161446689870054,0.0152110639620348,0.0335582689924108,0.0158166965989126,0.0163779410018322,OPEN
0.4169130001204946,0.4526869893342861,0.4347999947273904,0.0372657217265125,0.0159392129729655,0.0151339147203461,0.0354973985756865,0.01592721880396,0.0162112021768933,OPEN
0.4197609084131907,0.4318152803506692,0.42578809438193,0.0381100110495482,0.0161789645749047,0.0158152211406854,0.0375657970478893,0.016141051057703,0.0163019193099583,OPEN
0.4438937323945635,0.433022541598622,0.4384581369965927,0.0377592157419475,0.0169942248533413,0.016527933562628,0.037932213080523,0.0163386659708506,0.0165123406623265,OPEN
0.4421678155840332,0.431110644687813,0.4366392301359231,0.0375952244655427,0.0168685140459476,0.0163782825106933,0.0380197203996331,0.0162845546594499,0.0164968576852225,OPEN
0.4353086669554881,0.4412613214420778,0.438284994198783,0.0376334726146443,0.016663358522812,0.0161009950707613,0.0378953292201813,0.0165680682756261,0.0168754178207334,OPEN
0.4427257110834029,0.4336768294876413,0.4382012702855221,0.0376331435965597,0.0168710613667614,0.0164512591514199,0.0382612463727594,0.0164693037168718,0.0167167283214958,OPEN
0.440449210196351,0.4434274155364972,0.4419383128664241,0.0376769022930105,0.0168211255467432,0.0163683981684599,0.0377302062626248,0.0166270684774942,0.0168341472238951,OPEN
0.4247058833172206,0.4479175742271698,0.4363117287721952,0.0367180711019088,0.0159353907359536,0.0152533709061277,0.0377717203685656,0.0171204014613782,0.0167168332623715,OPEN
0.3870254335401705,0.3850031913837172,0.3860143124619438,0.0361093768188557,0.0143992318799208,0.0135512625564452,0.0401830376125983,0.0158446433669294,0.0150965520737551,OPEN
0.4391406003151339,0.4279966584502755,0.4335686293827047,0.0356894146123022,0.0161209641235367,0.0152243777919474,0.039059676764405,0.0170037202934947,0.0164311019771317,OPEN
0.4545594224381525,0.457826857823093,0.4561931401306228,0.0343229068867583,0.0161642848453396,0.015039316616347,0.0381972100131305,0.0176571427063488,0.0173182745694918,OPEN
0.4309052906938813,0.4522676997307577,0.4415864952123195,0.0341706729980611,0.0152948285021935,0.0141538190606766,0.0388171345343793,0.017516807257702,0.0175946650343041,OPEN
0.4498483423492825,0.4389540399585873,0.4444011911539349,0.0365343600622153,0.0168479603634783,0.0160218822620805,0.037708359041499,0.0166090385116365,0.0164954345713132,OPEN
0.4118900549569899,0.4037017054292243,0.4077958801931071,0.0377564556434115,0.016003354782612,0.0150996623972797,0.0349666388688791,0.0139198018752003,0.0143123816137882,OPEN
0.4264507379767458,0.3948646955992162,0.410657716787981,0.0384997822238089,0.0165888239329271,0.0162476971496475,0.0340775536400772,0.0131857545843371,0.013726291105373,OPEN
0.4292923224004134,0.3879714593009545,0.4086318908506839,0.0397338641702268,0.017101005187578,0.0170138804675804,0.0316350828578261,0.0120704428639652,0.0124765756589496,OPEN
0.4500290185830246,0.3488723237478404,0.3994506711654325,0.0381473127519685,0.0175465549262055,0.0167882405124906,0.0304735081504513,0.0105680606102065,0.0106946665921868,OPEN
0.4572693038741539,0.40705674814404,0.4321630260090969,0.038339400435418,0.01782132981301,0.017241532083102,0.0298612534957498,0.0118988812597123,0.0124115682272571,OPEN
0.4344616367846825,0.404938518916038,0.4197000778503603,0.0392270396556906,0.0172997294681351,0.0167855582419229,0.0305695027438473,0.0122017836230381,0.0125557547071484,OPEN
0.4499440191366797,0.4029317894823495,0.4264379043095145,0.0377824962857166,0.0171255348556574,0.0168744816079666,0.0324917919302327,0.0130133903614944,0.0131705613703792,OPEN
0.4298216846867969,0.4012722356459145,0.4155469601663557,0.0364234210791522,0.0160156853550072,0.0152954670655883,0.032514970112022,0.0129306151654397,0.0131640943321826,OPEN
0.3247771212923311,0.3192767831071388,0.322026952199735,0.0345244658757722,0.0116424752024746,0.0107830380801025,0.0336048186949239,0.0101826887420304,0.0112757880775975,OPEN
0.1901637494934006,0.1955923830776851,0.1928780662855428,0.0340038486773734,0.0069053642309584,0.0060272344924326,0.0360759434524755,0.0066962181952242,0.0074161413080667,OPEN
0.3440850981225215,0.3268238389433737,0.3354544685329476,0.0318824967731816,0.0118578544151607,0.0100827296460216,0.0371678179147648,0.0119403309795211,0.0123543268925823,OPEN
0.3870973823212214,0.3715380757713455,0.3793177290462834,0.0327830320032133,0.0134620625177945,0.0119183892281989,0.0377640768382347,0.0137915062821878,0.01427007860133,OPEN
0.4408570022102602,0.4147789982374031,0.4278180002238317,0.0329236663750935,0.0153527113317924,0.0136765463879966,0.037895968695747,0.0155928967132265,0.0158440071524893,OPEN
0.4244185121324131,0.4352103114009881,0.4298144117667006,0.0339621767522072,0.0152768681592833,0.0135514848926163,0.0374179699515061,0.0160190720255151,0.0165503006836604,OPEN
0.4271237576257487,0.4009872427289755,0.4140555001773621,0.0329064821734709,0.0145662910692956,0.0135439895630596,0.0371941082027018,0.0147060023951225,0.0151227233928065,OPEN
0.4049760483776233,0.3942341829763566,0.39960511567699,0.0350634197803503,0.0146690514758604,0.0137306388946437,0.0350340118348247,0.0134426168220851,0.014180593242087,OPEN
0.3918945316356809,0.3829952581147029,0.3874448948751919,0.0357249190602895,0.0142779987821163,0.0137228020635932,0.035167162365852,0.0130651855150188,0.0138725273399235,OPEN
0.3943023547105021,0.4168490945864381,0.4055757246484701,0.0367505795102296,0.0148875065210122,0.0140941735547059,0.0345631218498672,0.0139719822032783,0.0148432298951174,OPEN
0.393294851501802,0.3835994742553245,0.3884471628785633,0.0361682803451065,0.0146735261426805,0.0137760707521278,0.0335704134208587,0.0125607525274924,0.0131944333500581,OPEN
0.4157172605440622,0.3686661631221014,0.3921917118330817,0.0355116214371086,0.0151099077113368,0.0144156802512883,0.0337783541544449,0.0120302879063753,0.0128755845390221,OPEN
0.4204393393727664,0.3907423624360662,0.4055908509044163,0.0355170360491543,0.0153502428272446,0.0145152755187256,0.0332086115260554,0.0126968932411331,0.0132551294006918,OPEN
0.4312397141076681,0.403607898062975,0.4174238060853216,0.0354608964996729,0.0157555028854174,0.0148287908516237,0.0330009434592797,0.013086966970299,0.0135519158770909,OPEN
0.4255719448825035,0.4240423959617058,0.4248071704221047,0.0362848695777177,0.0157893188001683,0.0150943262318263,0.0326129409961978,0.0134563890952689,0.014202150183502,OPEN
0.400650853461981,0.4258302831396303,0.4132405683008057,0.0369948411556586,0.0151644671405311,0.014479562224879,0.033597273307531,0.013881985012085,0.0147314877984458,OPEN
0.4043297099216069,0.4329604929554209,0.4186451014385138,0.0364161439357396,0.0151877721550151,0.014260485672987,0.0348152697527351,0.0148616627463925,0.0152856099626477,OPEN
0.4208449265957301,0.4394191827900073,0.4301320546928687,0.0358570251614045,0.0156241072064224,0.0145563870375627,0.0348579547933132,0.0149986182836855,0.0156358897343318,OPEN
0.4324589449088712,0.4456853295654816,0.4390721372371764,0.0351193333836722,0.0158644899024249,0.0145108498195866,0.0364542263048867,0.0161201175411518,0.0163741101883443,OPEN
0.4265313591632948,0.4261817773247224,0.4263565682440086,0.0350815534177155,0.0157465752404396,0.0141801900811962,0.0364357652488397,0.0155483510657599,0.0155081673181138,OPEN
0.4157701604281596,0.4482299060484664,0.432000033238313,0.0352475700563695,0.0154628166378938,0.0138469590761852,0.0370041732900784,0.0164526201579524,0.0167201340764736,OPEN
0.433067342819225,0.4604325206066837,0.4467499317129544,0.0351853839516535,0.015885193973857,0.0145900874941765,0.0367200427779389,0.0165465476363051,0.0172676560697581,OPEN
0.4270203840661182,0.4422708659479566,0.4346456250070374,0.0354150421233011,0.0158166385578695,0.0144292512205501,0.0367950139509481,0.0159567131690647,0.0165900121962412,OPEN
0.4206258445483951,0.4353727130653638,0.4279992788068795,0.0355472166726546,0.0156073267904102,0.0142968292781499,0.036972322861234,0.0158440456146319,0.0163494354102161,OPEN
0.4445534632603767,0.4339934292693335,0.4392734462648551,0.0353864578438693,0.0161219085717593,0.0153404362022594,0.0370816415176985,0.0158684175984396,0.0163179599319645,OPEN
0.4296758614538928,0.4400012242357376,0.4348385428448152,0.0355409723089949,0.0156946156051478,0.0148475801824048,0.0366801817024036,0.0159295324762046,0.0163491172322891,OPEN
0.4472082049048175,0.4385190566631205,0.442863630783969,0.0353167987953677,0.0164640225786501,0.0151239018058718,0.0362571578967683,0.0155915613685221,0.0162073479878311,OPEN
0.4233121999719061,0.4542154142419302,0.4387638071069182,0.0364039016016765,0.0159385825201915,0.0148818488289414,0.0355194582224715,0.0158613655368363,0.0164056053235014,OPEN
0.4194675334125778,0.4197309067537941,0.4195992200831859,0.0370462912326975,0.0160673037596853,0.0150121290512419,0.0363775522977386,0.0148868702357349,0.0156506957870919,OPEN
0.4013037255996586,0.4245783927037397,0.4129410591516992,0.0365499118401077,0.0150394420351503,0.0142957895483982,0.0357291300900376,0.0146328828951883,0.0157067503574736,OPEN
0.4145822656179364,0.4163139027909823,0.4154480842044594,0.0369152291333171,0.0157953043623329,0.0148134942974587,0.0350303342724605,0.0141061474178315,0.0150610829362499,OPEN
0.4196990349779463,0.40064679616912,0.4101729155735332,0.0378719685471615,0.0161815018402233,0.0156081554636943,0.0326519887226377,0.0126198572039835,0.0135439721365664,OPEN
0.4306055428198113,0.3892054555769691,0.4099054991983902,0.0379402320176286,0.0165296390270881,0.016144909378233,0.0334358661625442,0.0125873726502157,0.0134394703945914,OPEN
0.4299854676486184,0.3861647395776743,0.4080751036131463,0.0384132295549847,0.0167638604526971,0.0162704004954905,0.033268126668053,0.012446430776846,0.0132475241651655,OPEN
0.4493984998998452,0.4069316823151942,0.4281650911075197,0.0377357317723912,0.0173621037492494,0.0165546587530216,0.0324278936717847,0.0128951164010182,0.0134967582505769,OPEN
0.4721480293920715,0.4239351348285673,0.4480415821103194,0.0372423989195752,0.018007495865482,0.0171603546539396,0.0326196346644865,0.0135019241456977,0.0141552942933976,OPEN
0.4446056479323437,0.4150852918644113,0.4298454698983774,0.0368221665070234,0.0167373219075014,0.0160053644887541,0.0325717392382081,0.0130768521132306,0.0139632476632155,OPEN
0.4350085078058784,0.4233583668381719,0.4291834373220251,0.0367501106003402,0.0164195412950314,0.0155536802528785,0.0327999599633082,0.0133835397334703,0.0143887352313768,OPEN
0.4270224009280086,0.4319931129239353,0.429507756925972,0.0376679373404361,0.0162217939566304,0.0159483121256072,0.0330908040253885,0.0137076649067366,0.0148823339734303,OPEN
0.4330894078825351,0.4315374904426578,0.4323134491625965,0.0371806317202813,0.0163805914449688,0.0158244841079016,0.0338011917141531,0.013894693702319,0.0152782691902745,OPEN
0.4522247432291196,0.4265754272815091,0.4394000852553144,0.036969723469092,0.0169380447235854,0.0164992026825379,0.0342524189799524,0.0138326450200964,0.0153898355035005,OPEN
0.414929036858131,0.4249628290010414,0.4199459329295862,0.0374894270597464,0.0159071073712,0.0152037963533274,0.0341196255417208,0.0139701103771797,0.0150290348121519,OPEN
0.4209848586019853,0.4147646916879578,0.4178747751449716,0.0362294131407034,0.0158220934419379,0.0146819752946058,0.03286144559669,0.0131607657483671,0.0140987689542963,OPEN
0.4352661948386035,0.4363205397349912,0.4357933672867973,0.035200914327622,0.0159378490854457,0.0147056869830016,0.0325462372494744,0.0138142460698289,0.0145869375362385,OPEN
0.4410035247819475,0.4480642922374306,0.4445339085096891,0.0348860605531037,0.016075710435039,0.0146940409043113,0.0320739266057137,0.0139256485057129,0.0148167139420159,OPEN
0.4423304844947736,0.4461828194796418,0.4442566519872077,0.0347644552728033,0.0160129256947688,0.0147418309932632,0.0318401711868169,0.013805455530486,0.0146076191752108,OPEN
0.4320746107492707,0.4536078650664185,0.4428412379078446,0.0339774303769949,0.0152653415491628,0.0140962284596382,0.0318615468977585,0.0138909479605415,0.01501434857147,OPEN
0.4356707433341665,0.4493959809420522,0.4425333621381093,0.0336400934155208,0.0150404610601796,0.0142715479481618,0.0302175406753679,0.0131678895991733,0.0139913930677533,OPEN
0.424675339682967,0.4317221144100305,0.4281987270464987,0.0330821385412815,0.0144284676068706,0.0136698692380447,0.0294601473489213,0.0123662522394534,0.0130709419691612,OPEN
0.4286806015215114,0.4068614015999909,0.4177710015607512,0.0323548221378217,0.0141771732021398,0.013562596030186,0.0286980708072044,0.0113254611906238,0.012026813433046,OPEN
0.4039538064592455,0.454303734129342,0.4291287702942937,0.031699887062462,0.013262127745486,0.0123484523409333,0.0280762675931594,0.0122264202614391,0.0132838861545348,OPEN
0.4153123735941121,0.4144291049880795,0.4148707392910958,0.0321602960299059,0.013550909742936,0.013162228016403,0.0276974807463301,0.0109162511419732,0.0120410331702791,OPEN
0.3807831899389675,0.4190308703345634,0.3999070301367654,0.0316995635798251,0.0122961140469765,0.0118452078322213,0.0264695225108193,0.0105673764567988,0.011615717653299,OPEN
0.4194117565730888,0.414043683704945,0.4167277201390169,0.0310430420877158,0.013327385968264,0.0127122476544983,0.0265435710540018,0.0105283385404001,0.0114520573353655,OPEN
0.4186267852853248,0.4152530194967906,0.4169399023910577,0.0300506133823526,0.0128633118219165,0.0122966715302963,0.0274121637323368,0.0108083334141589,0.0119576341074276,OPEN
0.4154599445490129,0.4196084531383935,0.4175341988437032,0.0302487692094599,0.012871924874097,0.0122623790827792,0.0274874289384994,0.0109744328483169,0.0120934822269535,OPEN
0.4316086985225483,0.3971065350039079,0.4143576167632281,0.0300033824613061,0.0132461269436189,0.0126533147671782,0.0280151060831155,0.0105698948239846,0.0116800685848811,OPEN
0.4273277046349784,0.3738313397147718,0.4005795221748751,0.0298673969402849,0.0131279118794405,0.0123984204763868,0.0284932407897975,0.0101618459887828,0.0111414867657483,OPEN
0.4179845439633971,0.361689474582703,0.3898370092730501,0.0303849513401757,0.0129494039595023,0.0124514760990444,0.0283720194042489,0.0097835108442161,0.0107402107381299,OPEN
0.4058663122818219,0.4036299650546053,0.4047481386682136,0.0300216578340747,0.0125788371020701,0.0117907220053349,0.0287373444824443,0.0111475497329203,0.0120509569655019,OPEN
0.4063340308439817,0.3832839807476983,0.39480900579584,0.0315296208648261,0.0132418898298555,0.012381226044119,0.0287514982165404,0.0104994923347432,0.0115404850430486,OPEN
0.4151732471494958,0.4073068753994882,0.411240061274492,0.0310133516820391,0.013158340400743,0.0125934874448999,0.0290700598217954,0.0112428263338844,0.0124380441334989,OPEN
0.4175020048324699,0.4232355637222961,0.420368784277383,0.0317796413250636,0.0136243499824539,0.0129117779496878,0.0281609205395344,0.0113617900265901,0.0124756161323871,OPEN
0.4241228366527685,0.4110617070637317,0.4175922718582501,0.0316641686002133,0.013719160265591,0.0131398337483569,0.0303062912868374,0.011882565236605,0.0130329464256711,OPEN
0.4265401580019833,0.3777021527192044,0.4021211553605939,0.0323701636567477,0.0141542191506604,0.013460130290738,0.0309358295515798,0.0111603047344848,0.0122087541010873,OPEN
0.4469182427551691,0.396480643263047,0.421699443009108,0.0331707648096569,0.0150862782784051,0.0145629615607486,0.0319381194087197,0.0120429792021619,0.0132827130534004,OPEN
0.4507928107507772,0.4193400280364721,0.4350664193936246,0.03332591040753,0.0153287208124295,0.0147174408344485,0.0319177082412425,0.0128295406149084,0.0139392047225767,OPEN
0.4463445322036018,0.4215397678075513,0.4339421500055765,0.0344967527351566,0.0157461300972584,0.0150487438269751,0.033268306973945,0.0135100828402686,0.0145377459540256,OPEN
0.4361968708293986,0.4426999140618199,0.4394483924456093,0.0350027825355289,0.015602605482427,0.0149336029422122,0.033369261281336,0.0141793792639579,0.0153657589391497,OPEN
0.4226411657225502,0.4116585219690482,0.4171498438457992,0.0360156011882575,0.0155793989359697,0.0148639524048375,0.0333629593026116,0.0131116055160571,0.014356687513996,OPEN
0.4678578038122313,0.41851474514896,0.4431862744805956,0.0368018446999254,0.0174810268611304,0.0169550336139613,0.0344516638285079,0.0138205005320575,0.0150165580822337,OPEN
0.4578814191878202,0.4302764997514674,0.4440789594696438,0.0378108204805429,0.017536167774271,0.0170895765103027,0.0348902711789813,0.0145158877885446,0.0155090397279985,OPEN
0.4527925840806315,0.4573113764689529,0.4550519802747922,0.0392426359150883,0.017956681190575,0.0175808678536814,0.0351899485088739,0.0154019803582043,0.0167835472227251,OPEN
0.4411079632858898,0.4562177498919478,0.4486628565889188,0.0396044422672886,0.0176753727572504,0.0172642969739441,0.0366743230108084,0.0159506732467079,0.0175122809988951,OPEN
0.4436217146768341,0.4462446461319835,0.4449331804044087,0.0393588620247764,0.0177672659798646,0.0171536257384557,0.0378825703256565,0.0162694128255955,0.0175403755534896,OPEN
0.4203209760167994,0.4121241705426528,0.4162225732797261,0.0391023874339104,0.0168281894804053,0.0160429178212112,0.0364937273658536,0.014329071245945,0.0157508229953792,OPEN
0.4289362364142475,0.4082372717916918,0.4185867541029696,0.0395179211881864,0.0173071770326661,0.0165941597380849,0.0361931226194924,0.0142686639691329,0.0152820993024745,OPEN
0.4240295900047075,0.4414320589985965,0.432730824501652,0.0377243012651649,0.0164193035797255,0.0155731364176384,0.0355724950526258,0.015191933361825,0.016213746107771,OPEN
0.4250866642929052,0.4426314944513491,0.4338590793721272,0.0375651395105299,0.0163194385222786,0.0156174411741788,0.0348452603996694,0.0150766693780422,0.0157705499924619,OPEN
0.4377839584460163,0.4194577192884227,0.4286208388672195,0.0362489776949385,0.0161456567767584,0.0155927851130647,0.033801787053767,0.0136899982567694,0.0146668427541226,OPEN
0.434580315975781,0.4431060593853445,0.4388431876805627,0.0364596441961453,0.0163209052892974,0.0153683821009533,0.0326344954515109,0.0139764849080228,0.0149446004510731,OPEN
0.4495115223161868,0.4529323087818987,0.4512219155490428,0.0362649941052334,0.01682782599395,0.015775239420112,0.0335333886008877,0.0147435844644329,0.0156331257761284,OPEN
0.4092988059614427,0.4203566171869429,0.4148277115741928,0.035669370178615,0.0151160889607267,0.0140827722862809,0.0340755755442959,0.0139324940144229,0.0147152933145738,OPEN
0.4301150932635522,0.4280993867943051,0.4291072400289287,0.0357048179863042,0.0156376718498661,0.0150766903864086,0.0337016902365997,0.0138319823567104,0.0150233634917295,OPEN
0.4134961282643734,0.4444474440892781,0.4289717861768257,0.0351765151776858,0.0148649047568939,0.0142258009067181,0.0334771382162598,0.0141707664114345,0.0155868906198458,OPEN
0.4177311148236301,0.4198913122573072,0.4188112135404687,0.034443204090052,0.0147344990534566,0.0140414970318138,0.0329876427707831,0.0131882478178581,0.0145142014047406,OPEN
0.4118244837370564,0.405736069925979,0.4087802768315177,0.0334661289837859,0.0140561925538102,0.0135081500290405,0.0319620432792462,0.0122957764854137,0.013640531168437,OPEN
0.4051650657878313,0.4032970117100169,0.4042310387489241,0.0333482352944298,0.0138113082171828,0.0132117716767686,0.0310053094938238,0.0117856358640215,0.0132230614679852,OPEN
0.3969273593573481,0.3699422558271789,0.3834348075922634,0.0337396036828558,0.0137319659096714,0.0130523776815273,0.0315947870788702,0.0110842932584455,0.0122922003502277,OPEN
0.4160695388171866,0.390480767506914,0.4032751531620503,0.0325899665490714,0.0140092725512265,0.0131101121530529,0.029327511024025,0.0109642728866279,0.0119393851408296,OPEN
0.4151879952919951,0.3980185240661235,0.4066032596790593,0.032356147747331,0.013756940041286,0.0131108281958859,0.0296757572307034,0.0112510619692568,0.0123719402177615,OPEN
0.4276713579599216,0.4262641418444375,0.4269677499021795,0.0331445307241377,0.0143949390419617,0.0139549938855109,0.0295046137110242,0.0118856642662665,0.0132678534216962,OPEN
0.4392794269545049,0.4301550950210212,0.4347172609877631,0.0334600098140562,0.0148426378832973,0.014553949990724,0.029465072397386,0.011945469853482,0.0134036321803157,OPEN
0.4464439171741899,0.4331535242591763,0.4397987207166831,0.032314546499801,0.0146173971285617,0.0142358683135956,0.0288580432242976,0.0118862581741558,0.0131136680775004,OPEN
0.381310728019356,0.4371862907710774,0.4092485093952167,0.0325250665213336,0.0126876962659585,0.0121166173222968,0.0280065980244369,0.0116982052941089,0.0127899961207314,OPEN
0.3805317001785177,0.4186173006407668,0.3995745004096422,0.0315830516806067,0.0122557813147213,0.0117809233909732,0.0291407276112534,0.01153799285154,0.0128596326111214,OPEN
0.4032676813998949,0.4381509615837535,0.4207093214918243,0.0303739281725239,0.0124575345706849,0.0120401126075963,0.0286077634175899,0.0119822438269883,0.0130867942733667,OPEN
0.3551230076239486,0.353703812040114,0.3544134098320313,0.029840315789254,0.0107108817663326,0.0104830836167239,0.0286638334367345,0.0097301719997751,0.0105468423087366,OPEN
0.3741518009282804,0.4070561887025307,0.3906039948154055,0.030616480060758,0.0115832151697648,0.0113272071358699,0.0286327268692208,0.0110728731080322,0.0122373842350588,OPEN
0.3682040037342499,0.4179228186324083,0.3930634111833291,0.0301778684617918,0.0112526186094006,0.010970605374194,0.0278827839372229,0.0111211034414965,0.0121845998672287,OPEN
0.3979690472170426,0.4308726029723775,0.4144208250947101,0.0307455420274438,0.0124365369150032,0.0120350112186634,0.0269513136042265,0.0110203498539736,0.0122048154383822,OPEN
0.40601752447158,0.4228918523387147,0.4144546884051474,0.0302306648529406,0.0122057528154922,0.0123426065979496,0.0251576309276687,0.0100684631197548,0.0112094511671563,OPEN
0.4337540129085257,0.4580958205780159,0.4459249167432708,0.0295999838721873,0.0127952759801411,0.0128829475930366,0.0245211357854954,0.0108181957268551,0.0116478639114678,OPEN
0.4409667974083898,0.4405437327439175,0.4407552650761536,0.0288901229998465,0.0126676029045498,0.0128115671274037,0.0251514669139132,0.0106048683867836,0.0115557738496972,OPEN
0.4142649852997024,0.4477688985373689,0.4310169419185357,0.0287003253100096,0.011884116574683,0.0118949631106125,0.0250625745095085,0.0108438542663466,0.0116006284989201,OPEN
0.4206721167292279,0.4605292022460064,0.4406006594876172,0.0294211016703165,0.0123203473089363,0.0124329269233794,0.0243640780320076,0.0107707837710242,0.0116699550680556,OPEN
0.4359098682189632,0.4498188825973813,0.4428643754081722,0.0280485509302,0.0122478526967125,0.0122054275827201,0.0242068101460118,0.0103794640791232,0.0113978965031287,OPEN
0.427633720968321,0.4339501456136021,0.4307919332909615,0.0285403004828647,0.0122384445201258,0.012171145265957,0.0243465473809601,0.0101013272780684,0.0110290482842438,OPEN
0.4300353792682685,0.4391706086228567,0.4346029939455625,0.0283497996296189,0.0122506934075293,0.0121321402642758,0.0245268779990447,0.0103641909960158,0.0111787768809022,OPEN
0.4191647846341531,0.4156665844537978,0.4174156845439754,0.0284024001363039,0.0120726145158142,0.0117379573566395,0.0253569304284793,0.0100977986423955,0.0109822586844815,OPEN
0.4287325929043901,0.4019968301485307,0.4153647115264604,0.0297057742174962,0.012795939360473,0.0126757278485259,0.0258562222678472,0.0098395029691678,0.010948735813413,OPEN
0.4556749665097196,0.4112943121568072,0.4334846393332634,0.0306106136314283,0.0139146156609744,0.0139823650217116,0.0267304382622382,0.0104798487746896,0.0115083056627448,OPEN
0.4304835127943031,0.3938062459576985,0.4121448793760008,0.0308042729298485,0.0132493887604811,0.0132720744793501,0.027670927159632,0.0104020826252476,0.0113918852685595,OPEN
0.453787441659174,0.3807664462397025,0.4172769439494383,0.0310848725524693,0.0140818865657107,0.0141299630140623,0.0289879084362823,0.0105180367462804,0.0115572090121297,OPEN
0.4291433548691908,0.3975554507988946,0.4133494028340427,0.0297887792153691,0.0129343387032963,0.0126329745965859,0.0282953713082025,0.0107648260447076,0.0117331321472014,OPEN
0.4355004801985747,0.4018443681191433,0.418672424158859,0.030289871079637,0.013467420433468,0.0129150863672017,0.0293312313226922,0.0114287957160306,0.0121443845180167,OPEN
0.4172455772430669,0.3909732330532818,0.4041094051481744,0.030726109393033,0.0131080631811822,0.0125326033190771,0.0306648416488966,0.0115219244019334,0.0124563401591386,OPEN
0.4282785850548219,0.4210640441107042,0.4246713145827631,0.0330423736411269,0.0143919087521853,0.0139107733075638,0.0297880938330229,0.0122907188166027,0.0127946716947607,OPEN
0.4424170251918015,0.4146005762519444,0.428508800721873,0.0332097050371729,0.0149631630822156,0.0144219147378708,0.0302697346256723,0.0124150302787292,0.0126846685588651,OPEN
0.4470815423154733,0.4372233793140334,0.4421524608147534,0.0332653337617948,0.0152150661718068,0.0145295672759176,0.0303305301510024,0.0131535434155124,0.0133688903625024,OPEN
0.4627083207914937,0.4450289384882838,0.4538686296398888,0.0334247580215869,0.0157407529595805,0.0151910743544804,0.0307088516302519,0.0134460503704082,0.0138866049160022,OPEN
0.4405876383361936,0.4465908541549202,0.4435892462455569,0.0340423905386785,0.0151505880417498,0.0148467248597596,0.0300493136490122,0.0131727429351498,0.013666754363413,OPEN
0.4354349103372836,0.4000605108492848,0.4177477105932842,0.0346187968299167,0.0153771127036397,0.0147713526835991,0.031090490535626,0.012183172663593,0.0126929823888817,OPEN
0.4288216852072698,0.410851296405841,0.4198364908065554,0.0349031276204046,0.015258502390715,0.0146759336196575,0.0314487597758587,0.0125853904798367,0.0132561369686981,OPEN
0.4209906065002854,0.3918704690636982,0.4064305377819918,0.0341173198676558,0.0146095706088374,0.0141165717576599,0.0319831558761369,0.0123303457606918,0.0127361628299465,OPEN
0.4258177710934016,0.3957529730223139,0.4107853720578577,0.0333760461136076,0.0144841576347987,0.0139400694932152,0.0317582240629281,0.0124399934213534,0.0126968297602717,OPEN
0.4115727686884982,0.3917440508471934,0.4016584097678458,0.0339853406295799,0.0143270181837059,0.0136478632917698,0.0319379607007123,0.0123155297516819,0.0127074824497091,OPEN
0.4302399111578064,0.4069675040020907,0.4186037075799486,0.0344819445782904,0.0151509871774392,0.0145200303663849,0.0322020165549124,0.0128427682538648,0.0133675803485085,OPEN
0.4557646254477168,0.4088579087761652,0.432311267111941,0.0347536340984126,0.0161232072744973,0.0155557467811227,0.0318086932964862,0.0128367528864231,0.0131737187577844,OPEN
0.4582154635745321,0.4237040337727786,0.4409597486736554,0.0357895374071548,0.0165955429224238,0.0162030960258512,0.0317466677439617,0.0131741518399293,0.0137282305239921,OPEN
0.4523009339394216,0.4262078887826871,0.4392544113610543,0.0361294833667954,0.0165487704604533,0.0161340276786474,0.0313884867260599,0.013094408713357,0.0136616326058377,OPEN
0.4481766502418506,0.4421200307767982,0.4451483405093244,0.0361552459248648,0.0164957788034426,0.0159120952111098,0.0316044193908485,0.013707128196667,0.0142387655508625,OPEN
0.4476353976948003,0.4446053500755034,0.4461203738851519,0.036092735711808,0.0164257616408008,0.0158870105676961,0.0313295384674472,0.0136658615438655,0.0141926992921811,OPEN
0.4598391362868298,0.4456453150123881,0.452742225649609,0.0357297283658521,0.0167540550575498,0.0161057998054831,0.03149911250863,0.0137256723105268,0.0143491915225112,OPEN
0.4661797868558667,0.4399269389469609,0.4530533629014138,0.0359279754309725,0.0169905466711863,0.0165072451859608,0.0309680490354363,0.0133754306267058,0.0138719274079318,OPEN
0.4678944996237713,0.4422074141276568,0.455050956875714,0.0360188533635198,0.0170795675463149,0.0166264791967772,0.0306328236651391,0.0132836616626155,0.0138084618181638,OPEN
0.4732114720612306,0.4481429811749739,0.4606772266181023,0.0357463023783001,0.0171695475341897,0.0166615732041728,0.0307054070733498,0.013483722641874,0.0140371026862102,OPEN
0.4565095590136556,0.4541429318813181,0.4553262454474869,0.0363039261658148,0.0168576274315105,0.0162885512173303,0.0310288883493386,0.0137967265764237,0.0143863740795497,OPEN
0.4538258471462092,0.4332293738336487,0.4435276104899289,0.0357254349648637,0.016589633261309,0.0158366183138831,0.0314706259910885,0.0133560183524583,0.0139119808320861,OPEN
0.4552124896500962,0.4308319830563389,0.4430222363532176,0.035662165185523,0.0165945230264414,0.0158732029743884,0.0314331730911306,0.0132312391079482,0.0138535934852616,OPEN
0.4495885207633965,0.4337807792685084,0.4416846500159525,0.0357146972709354,0.0164071254376808,0.0157067103934238,0.0309778103280206,0.0131376289921644,0.0137375284160772,OPEN
0.4613672233544955,0.4414701551231135,0.4514186892388044,0.0360660629467357,0.0168369709973804,0.0164424276407474,0.0309404393122328,0.0133302621642387,0.0139882989212586,OPEN
0.4558386751086066,0.4451432228001895,0.4504909489543981,0.0357864340835186,0.0166171598639157,0.0160085215350695,0.0305820290103389,0.0133647471215343,0.0138620187853279,OPEN
0.459296431530991,0.4223139166266001,0.4408051740787955,0.0357921878374714,0.016684013588355,0.01619443471252,0.0311840675216623,0.0128752991617404,0.0134636322211027,OPEN
0.4618566642927969,0.4350061946914944,0.4484314294921456,0.0355244462926259,0.0166365824232278,0.0161778221078937,0.0309653641864013,0.0132365543342228,0.0137036961497026,OPEN
0.4605613826931346,0.433344817146287,0.4469530999197108,0.0355472751984776,0.016578033235478,0.0161653711972904,0.0311315612857354,0.0132028675714498,0.013778533894241,OPEN
0.4557437631686606,0.4464578944726526,0.4511008288206566,0.0350098909051741,0.0162060652916128,0.0157050135668838,0.0306468690552617,0.013353028752163,0.0140120445090194,OPEN
0.4693123081679231,0.426881042840142,0.4480966755040325,0.0357241010610987,0.016873845288297,0.0166576753641197,0.0312271039349201,0.0130150826967725,0.0136454346884599,OPEN
0.4327094384173536,0.4347346983763209,0.4337220683968373,0.0348578233396987,0.0153714429263984,0.0147951753971462,0.0308833953741585,0.0131181376140914,0.0137340295315515,OPEN
0.450075902823516,0.4275967091109737,0.4388363059672449,0.0339303200630593,0.0156439836391319,0.0148984552318126,0.0306437713047169,0.0127832055334607,0.0134231459958318,OPEN
0.4691604056996627,0.433018849642637,0.4510896276711498,0.034424291233852,0.0164574689671202,0.0158435599152745,0.0309777417318693,0.0130346315847214,0.0137932605938001,OPEN
0.4665009711894278,0.4274067111960177,0.4469538411927227,0.034673534592799,0.0164345801657812,0.0159158949584406,0.0309330355885273,0.0128810313363937,0.0135609426800099,OPEN
0.4602805324349272,0.4251539308256181,0.4427172316302726,0.0347869262582228,0.0162614741767149,0.0157620157031038,0.0311472585799841,0.0129608235000928,0.0135239353393515,OPEN
0.4622886588885269,0.4105721943884595,0.4364304266384932,0.0350841590029915,0.0164462484044423,0.0159917692230073,0.0315569149282995,0.0126501275156341,0.0132626561048495,OPEN
0.4552732114986607,0.4118131515738139,0.4335431815362373,0.0344646065755118,0.0159751806320166,0.0154064436053256,0.0322838813845568,0.0130988270008833,0.0134910268751357,OPEN
0.3963181369084222,0.4132037646992159,0.404760950803819,0.0350575759151511,0.0142269126296091,0.0135609937128273,0.0320520175188078,0.012981204470312,0.0135068241396412,OPEN
0.4284393422651733,0.3836369872243821,0.4060381647447777,0.0348594970235778,0.0152525881869131,0.0146177717660398,0.0319083674457394,0.0120896553526455,0.0123928045556185,OPEN
0.4289548392989304,0.4182446923731711,0.4235997658360507,0.0354858900657698,0.0155062064862457,0.0149374820548378,0.0321848266173616,0.0133050435646462,0.0136172222506782,OPEN
0.4618225935030444,0.414355457691638,0.4380890255973412,0.0357975115981688,0.0167843704022527,0.0162798288921906,0.0323109341682324,0.0131383089334935,0.013638114897951,OPEN
0.4646992666090432,0.4129159945395205,0.4388076305742818,0.0359885753750155,0.0169833789017075,0.0164643502644404,0.0323067208325691,0.0131844888807104,0.0134954346450713,OPEN
0.4563808505156655,0.4193231023368254,0.4378519764262455,0.0358349489520891,0.0166287234496391,0.0160800455122406,0.0322907533858735,0.0134456162903167,0.0136349014827989,OPEN
0.4700419276640998,0.4178143700870571,0.4439281488755785,0.0354099500692135,0.0169518572243264,0.0163364651537188,0.0320387426916481,0.0132441943616314,0.0135282998305531,OPEN
0.4730273870762599,0.4183886275004077,0.4457080072883338,0.0360756514005202,0.0173017187162208,0.0168278235219033,0.032076694170274,0.0132906900303169,0.0135503580669856,OPEN
0.4611283446536088,0.426495457983969,0.4438119013187889,0.036096463706413,0.0168216413413421,0.0164685637722324,0.0314660672973752,0.0132249335315413,0.0136153360343555,OPEN
0.4565212663837271,0.4256737683974821,0.4410975173906046,0.0353709126572837,0.0164047267418881,0.0158904209370145,0.0319557037534716,0.0133636723212893,0.0138417373557782,OPEN
0.4532314581935077,0.4121742016798132,0.4327028299366604,0.0355770344931129,0.0163372610162307,0.0159120014267977,0.0319594752034641,0.0130233044024348,0.0133224379537523,OPEN
0.4557740994722903,0.4093423493990015,0.4325582244356459,0.0354351689041949,0.0164125628916768,0.015888301502239,0.0316767222388213,0.0128313606868456,0.0131018871181518,OPEN
0.4538517152465857,0.4215844965786768,0.4377181059126313,0.0354527493608261,0.0163846939578885,0.0157958882573479,0.0317921969462143,0.013235870744245,0.0135703239451547,OPEN
0.4613440533660399,0.4291526400548049,0.4452483467104224,0.0356062195928228,0.0166929318597092,0.0161605034842792,0.0317670700171487,0.0134862927583806,0.0137795511709498,OPEN
0.4545991144653363,0.4249316938988586,0.4397654041820975,0.0357097354896086,0.0165011950773051,0.0159660331854298,0.0319376611365309,0.0134503701921415,0.0136922786996861,OPEN
0.4615427991797429,0.4252870606782019,0.4434149299289724,0.0357084399657868,0.0167644709593103,0.0161974757129917,0.0318210436527772,0.0133500863798534,0.0137160698657513,OPEN
0.463605565644388,0.4338348725185657,0.4487202190814768,0.0361076132284479,0.016834867867837,0.0166445130418496,0.0314918996448145,0.0134660392252987,0.0138585293102524,OPEN
0.4264509139313198,0.3913632318364389,0.4089070728838794,0.0355765856527344,0.0154479068453822,0.0148954280869466,0.0326591908678222,0.0124173689874473,0.0131458439869407,OPEN
0.4246017393459539,0.4472734560098695,0.4359375976779117,0.0342711476197451,0.0150350688940976,0.0140681088833537,0.0324569448587623,0.0140064202576455,0.0150278395393553,OPEN
0.4073449483816868,0.4103797391422044,0.4088623437619456,0.0334368035714211,0.0143345259581612,0.012906100091537,0.0341475986198294,0.0140154128779155,0.014011552349961,OPEN
0.3913728790570625,0.4586087404866946,0.4249908097718786,0.032830730026711,0.0136234087685026,0.0120747058956955,0.0345471324586986,0.01576206498206,0.0159251688265614,OPEN
0.3954802231866299,0.3987651903267508,0.3971227067566903,0.029882015748485,0.0124781465673004,0.011157345947654,0.0371220675883167,0.0150497765218027,0.0145562001725524,OPEN
0.423908845830844,0.4254443377664903,0.4246765917986672,0.0302362040639805,0.0135501392126629,0.0120846495214727,0.0375518059833365,0.0162414257563218,0.0157109807007108,OPEN
0.4135146072511584,0.4196395341258236,0.416577070688491,0.0299195893855319,0.013015890902115,0.0117284836056333,0.0378745599899061,0.0162021465085577,0.0155851789102118,OPEN
0.3966334705972011,0.3969882329833485,0.3968108517902748,0.0300840807330545,0.0125092857668078,0.0113554209349478,0.0371744985446669,0.0148054270077537,0.0147102499708249,OPEN
0.3860426875749309,0.3269481231342993,0.3564954053546151,0.0338403624375407,0.0133174230467831,0.0128102258810127,0.0305524883501924,0.0096253870401948,0.010352770406161,OPEN
0.3531952407262509,0.3700398781226928,0.3616175594244718,0.0343029524969056,0.0123292347842039,0.0119020443453275,0.0295885078208992,0.0105367682893031,0.0113610873664526,OPEN
0.3610422431714394,0.3181604661147006,0.33960135464307,0.0349377937703292,0.012698168704167,0.0125298701644345,0.0291799495815395,0.0089799061735605,0.0095879065465716,OPEN
0.4064051570896159,0.3696123620309997,0.3880087595603078,0.0361440842696055,0.0148043290997688,0.0145739553911298,0.0287764408761757,0.0101665676764219,0.0111056888897555,OPEN
0.391234023469978,0.3606297504650023,0.3759318869674901,0.0366828095945219,0.0144416437535998,0.014261482626096,0.027395419564002,0.0094565795013957,0.0103026271411044,OPEN
0.4157039233358312,0.3451285463406118,0.3804162348382215,0.0361616880668837,0.0151784478502282,0.0148866633574719,0.0270189691785647,0.0090940553776578,0.0095559797347818,OPEN
0.3943455217426386,0.4051114464036571,0.3997284840731478,0.0350550036957927,0.0140501013197257,0.0135974661244892,0.0286563126127415,0.011235964610212,0.0119820358920741,OPEN
0.3864940109991646,0.4363014815526848,0.4113977462759247,0.0352308640330007,0.0137460417710697,0.0134869941310916,0.0309023371933715,0.0128233174764851,0.0141421535253321,OPEN
0.4127227146873437,0.389107131269663,0.4009149229785034,0.0334353379007989,0.0140077759309845,0.0135912709188281,0.0323130488283133,0.0119711159430033,0.0131753595213197,OPEN
0.3873706123061665,0.3870586441767328,0.3872146282414496,0.0334743356490485,0.0132412442581094,0.0126927035357187,0.0337880744112074,0.0125135621802142,0.0136423703616747,OPEN
0.3822449327404044,0.3817770926038715,0.382011012672138,0.0345944774870382,0.0135814363894062,0.0128656910510385,0.0334964641316782,0.0124370696799758,0.013139295697428,OPEN
0.4129169570998429,0.4203468503660371,0.41663190373294,0.0331933736570223,0.0140319948700854,0.013380218822586,0.0333086022991092,0.013371919871112,0.0146304122619389,OPEN
0.4467555875579582,0.3974610681966873,0.4221083278773228,0.0328811914710173,0.0147114560856382,0.0146682559448418,0.0314520454762343,0.0120959430570173,0.0129059841268924,OPEN
0.3828023920387993,0.4072790755856959,0.3950407338122476,0.0324540572156011,0.0126878755407414,0.0121591059262508,0.0316583109439277,0.0122861772718363,0.0135013579598584,OPEN
0.3896505028464209,0.4294147993306376,0.4095326510885293,0.0335192229341166,0.0135552667742308,0.0125662973683687,0.0314527100469359,0.0130343990368596,0.0139781193095598,OPEN
0.4119599344699934,0.3928241747473973,0.4023920546086954,0.0322693704696706,0.0136739149649986,0.0129134605231482,0.0323122676084596,0.0119512587126795,0.0134348210023409,OPEN
0.4089285856340726,0.4085740002901873,0.40875129296213,0.0335976157080216,0.0142349136963262,0.0132431372479904,0.0319210750405935,0.0125499797824781,0.0135342628633189,OPEN
0.411168591026708,0.4334198277096241,0.4222942093681661,0.032879659787816,0.0139052198103615,0.0131329469664261,0.0314631603334435,0.0134602158426984,0.0138132992191443,OPEN
0.3593831456331897,0.4049219380002097,0.3821525418166997,0.0328032680857666,0.0123860750739803,0.0111918082694429,0.0321179925127083,0.0126235315351531,0.013387028010691,OPEN
0.3550267790616342,0.3860078847027663,0.3705173318822002,0.0336577246851463,0.0124802876326011,0.0114184995384203,0.0331951352014887,0.0127482880479778,0.0128788797951201,OPEN
0.3866280944824624,0.4235193251584975,0.4050737098204799,0.0331967441760469,0.0134496559922256,0.012219931895388,0.0326898414536725,0.0134876524628623,0.014201906721133,OPEN
0.4046541421367259,0.4400966301562748,0.4223753861465004,0.0321644681123363,0.0135232102408222,0.0125077602617408,0.0325471576718796,0.0138524935773595,0.0147952952477588,OPEN
0.4104023810648063,0.4496387799987939,0.4300205805318001,0.0332369435486293,0.0141301576010234,0.0131508839423246,0.0323854514379765,0.0139754418889216,0.0151480678596422,OPEN
0.4212311380606355,0.427484192486497,0.4243576652735663,0.0328208589843839,0.0144958619203819,0.0131544736438574,0.0330313843263036,0.0136611249976969,0.0145796643131851,OPEN
0.4256599370263475,0.4180747351844311,0.4218673361053893,0.0328959248141577,0.0145924864023626,0.013412468167273,0.0339674235009865,0.0138695518337882,0.0145322913363565,OPEN
0.4318425359846516,0.3698457165540129,0.4008441262693323,0.0330833614486839,0.0146926733558376,0.0138809320579554,0.0343917408205682,0.0124613260046235,0.0129779500500223,OPEN
0.3898294365668373,0.3887354887429112,0.3892824626548742,0.0349435233502936,0.0143145969463186,0.0129294310922914,0.0344892766472822,0.0132998470582562,0.0135145645694851,OPEN
0.4116663471257163,0.4084342987393929,0.4100503229325546,0.033085504842885,0.0141008987436857,0.0131394790992756,0.0343587090134741,0.0137345691895165,0.0143319812535018,OPEN
0.4540486647396844,0.3797849788851021,0.4169168218123933,0.0331504926774516,0.0156406740631248,0.0144631998081944,0.0343004089103977,0.0128154136133438,0.0132381465342277,OPEN
0.4267660629237266,0.3870304274572595,0.406898245190493,0.0342206244354349,0.0153003697985488,0.0139080325236552,0.0339754162496989,0.0128957527880957,0.0134032869602229,OPEN
0.4139321426785714,0.4225131320358846,0.418222637357228,0.0346413547766551,0.014953137720662,0.0137252026953167,0.0339206838304195,0.0139905288911339,0.0146733398408451,OPEN
0.44323172791372,0.3637410225820022,0.4034863752478611,0.0335361339081,0.0155499421431129,0.0141786150161531,0.0346941381003163,0.0121965871907257,0.0130427753496948,OPEN
0.4336659259581689,0.4001278964641783,0.4168969112111736,0.0339670692965797,0.0153781703617766,0.0140825507553964,0.0335910523808005,0.0129079859865128,0.0139734482717826,OPEN
0.4158046741508315,0.4030988321465463,0.4094517531486889,0.0347010858031792,0.0150124580006973,0.0138452893494445,0.0312715139567224,0.0121384757880436,0.0130725457227748,OPEN
0.4157553884366592,0.3748779767109386,0.3953166825737989,0.034935605073609,0.0150125001780345,0.0140368319372616,0.0334042695737473,0.0120820174114316,0.0129630325711947,OPEN
0.4206294738465227,0.3938101284390767,0.4072198011427997,0.0353767500095338,0.0152361339577364,0.0145248735280839,0.0319948117141689,0.0121973745319829,0.0130023872890988,OPEN
0.4146034462088532,0.3478352931791401,0.3812193696939967,0.0338974936578817,0.0145107600823379,0.0135972752944631,0.0324084640011897,0.0108353561225406,0.0117102590321382,OPEN
0.4012453629534911,0.3681598406965017,0.3847026018249964,0.0339538929590072,0.0140709970378357,0.0131766871702059,0.0329008590635068,0.0117269766541512,0.0124985734090462,OPEN
0.4075199525952683,0.3786925891671886,0.3931062708812285,0.0341344173601879,0.0143715175812575,0.0134493947077242,0.0332245473663976,0.0122770548872353,0.0128867248449427,OPEN
0.4283030295257525,0.3845417018805904,0.4064223657031715,0.0348636675195108,0.0152125328016013,0.0146518960363688,0.0331846203461771,0.0121929172387446,0.0133288235296157,OPEN
0.4266150966985244,0.4005020206594197,0.413558558678972,0.0351167574106025,0.0152863265121868,0.0146763512047388,0.0319744962345186,0.0123143453447515,0.0132973553582318,OPEN
0.4047195730446333,0.3949524454913131,0.3998360092679732,0.0357222271609151,0.0147413086687424,0.0141736603807955,0.0316363357424338,0.0119445793324616,0.0130451170032552,OPEN
0.413530134844512,0.3830740374939615,0.3983020861692368,0.0355903058544992,0.0148211147921138,0.0146142131662231,0.0313645629397493,0.011439017793091,0.0125908817260355,OPEN
0.4026664653719626,0.3805698992301104,0.3916181823010365,0.0355095070139806,0.0145322033335036,0.0140647720193373,0.0318448444359545,0.0117461065526992,0.0124922719232802,OPEN
0.4075082047216945,0.3748329874747761,0.3911705960982353,0.0357519354725159,0.0148167016690327,0.0143217124104289,0.0312989890418902,0.0113089174454552,0.0121548696895687,OPEN
0.3921495267247219,0.3745962068236929,0.3833728667742074,0.0354045095890155,0.0142941243989425,0.013473598959564,0.0310731334632238,0.0113366742524254,0.0119430816064745,OPEN
0.4201833901267593,0.3510888555340326,0.385636122830396,0.0357019958088515,0.0155366630285287,0.0144661082379804,0.0313897600495897,0.0107374179393458,0.0113037719232508,OPEN
0.3840938690874231,0.3937816172219623,0.3889377431546927,0.0370027180302411,0.0142647732921703,0.0141602609778021,0.0301593902774235,0.0117098176534315,0.0120426093023127,OPEN
0.4197872690271675,0.3754321100560536,0.3976096895416106,0.0363668433004272,0.0157202575353056,0.0148124181291449,0.03105494288947,0.0113586861287397,0.0119593593445882,OPEN
0.4244244925277151,0.3664263913401249,0.39542544193392,0.0361681666407869,0.0155770882698394,0.0151242232745082,0.0316827360918121,0.0113869516556773,0.0118318296521311,OPEN
0.4052505785773505,0.3595924299278044,0.3824215042525774,0.0358286968727095,0.0147545598832051,0.0142846403914709,0.0309747583703321,0.0107832123516907,0.0114933649059379,OPEN
0.4297581924818433,0.4253237706764664,0.4275409815791549,0.0366971272077235,0.0158242110134047,0.0157175711027303,0.0309997337264793,0.012827118935702,0.0135427283413232,OPEN
0.4533542602083622,0.4456535063568291,0.4495038832825956,0.0372273465538226,0.0168979394867259,0.0168564128261312,0.03182146484477,0.0136262482171085,0.0147364465538561,OPEN
0.1157197296840758,0.1221955287733405,0.1189576292287082,0.0334798234552259,0.0038119586930841,0.0039365935471344,0.0335463813851532,0.0038702896233659,0.0043281460002159,CLOSED
0.122099725269009,0.1715343978940457,0.1468170615815273,0.0328786772511413,0.0040737768726113,0.0039551780465342,0.0320124496042495,0.004987251648751,0.0059952208872058,CLOSED
0.1681539208248196,0.1905286659720319,0.1793412933984257,0.0326365368482526,0.0055268017258894,0.0054491215404653,0.0316933735973772,0.0056000053089583,0.0064769870743647,CLOSED
0.0944741516650413,0.1171676137515047,0.105820882708273,0.032215479271072,0.0031565852411711,0.0029304749080634,0.0324891554046072,0.0034004351083865,0.0042129185147327,CLOSED
0.308084073185472,0.2477947805151817,0.2779394268503268,0.0317068917801218,0.0097383736975657,0.009798403037776,0.0298798692107486,0.0067778128998535,0.008030338365946,CLOSED
0.3308757816588519,0.3068182544059694,0.3188470180324106,0.0307130236235497,0.0104010049167012,0.0099233864803963,0.0299015942683804,0.008512834346703,0.0098358755680569,CLOSED
0.3481065502218093,0.3337606705787056,0.3409336104002575,0.030508549693477,0.0108822980777978,0.010358153894336,0.0300965736277748,0.0093529449340188,0.0107371602582362,CLOSED
0.3302660313040241,0.346644450368691,0.3384552408363576,0.0310553152796976,0.0105419596144418,0.0099710718422,0.0299580681632201,0.0097525890056558,0.0110170071394385,CLOSED
0.1002097945502708,0.1294030498200286,0.1148064221851497,0.0330778035824288,0.0033343938411227,0.003295045961216,0.0306469451629526,0.0034409147624834,0.004490701581023,CLOSED
0.08466831835511,0.1559983656148516,0.1203333419849808,0.0319614166136261,0.0027549350599432,0.0026573037339023,0.031076779089139,0.0043083149434306,0.0053875385495283,CLOSED
0.1314954690267768,0.1379563829413981,0.1347259259840874,0.0321218356592993,0.004316261161922,0.0041314905301192,0.0290497910010783,0.0035295851551417,0.0044856230282829,CLOSED
0.1782312749080296,0.2165273497990699,0.1973793123535497,0.0312029990942512,0.0056023975568695,0.0055203030621753,0.0273861418453518,0.0053767987922967,0.0064828986376941,CLOSED
0.1968390207702169,0.1736637875133604,0.1852514041417887,0.0297624536116326,0.0060356952562923,0.0056811291929732,0.0279845854567454,0.0043731531867033,0.005346665018116,CLOSED
0.1466027540046727,0.1948343184007015,0.1707185362026871,0.0300880283626371,0.0044455279451704,0.0043764476958961,0.0276349122818552,0.0049150152713073,0.0058534433256895,CLOSED
0.110782542310823,0.1268289379738047,0.1188057401423139,0.0281329543358347,0.0031995785103389,0.0030337018977371,0.0275758870265688,0.003166730061519,0.0038281108690116,CLOSED
0.0889240880405644,0.1659888294596854,0.1274564587501249,0.0284514450879176,0.0026005445722246,0.0024594930435339,0.0277108337996813,0.0041085113123099,0.005090866419212,CLOSED
0.125744028939628,0.1390906347899098,0.1324173318647689,0.0277572597757265,0.0037468591378525,0.0032337602151948,0.027947528936755,0.0035273326711868,0.0042471464100583,CLOSED
0.1089890584328771,0.1379780738239555,0.1234835661284163,0.0281449312486624,0.003233407114559,0.0029015719983404,0.0282530326350303,0.0035464947665211,0.0042501032788125,CLOSED
0.1082543557391179,0.1386385811269555,0.1234464684330367,0.0287736551466203,0.0031973263494685,0.0030324206508453,0.0282399165305071,0.0035847151183703,0.0042455687994959,CLOSED
0.0942804161868139,0.1158074962236513,0.1050439562052326,0.0287831594923264,0.002743771803109,0.0026836047091069,0.027897531062091,0.0028803101605968,0.0035811762856477,CLOSED
0.1087348315628137,0.110843987640098,0.1097894096014558,0.0291013782135109,0.0031812056003407,0.0031474613162429,0.0283772265526569,0.0027712781949284,0.0035196117035974,CLOSED
0.1322825885553835,0.1415077602855362,0.1368951744204599,0.0287290057135234,0.0038410198133661,0.0037596746714484,0.0275397951932988,0.0034781593241795,0.0043160301488726,CLOSED
0.1239143918578787,0.1306073569079236,0.1272608743829011,0.0285155814830847,0.0034982686009783,0.0035687132749221,0.0270611832795146,0.0030869379355928,0.0039818413102837,CLOSED
0.1290613324487585,0.1525911920431193,0.1408262622459389,0.0274048732377331,0.0036386065809485,0.0034352123303537,0.026419925358237,0.0035923527552238,0.0044705430529834,CLOSED
0.1338346050509484,0.1412808911816983,0.1375577481163233,0.0269420146943622,0.0037237128222317,0.0034878349695619,0.0261035444223653,0.003327785654157,0.0040480783838285,CLOSED
0.0934994350003313,0.112634377995514,0.1030669064979226,0.0264286513341992,0.0026172399283324,0.0023248880068043,0.0268069904197714,0.0026620041949107,0.0033767731888145,CLOSED
0.098966163655277,0.1145128949383603,0.1067395292968186,0.0256586133218053,0.0027084414735622,0.0023702275767842,0.0261460339401102,0.0026741169464762,0.003313999128801,CLOSED
0.1616546716866746,0.1407926716206355,0.151223671653655,0.0247086505900642,0.004239266655194,0.0037492709427211,0.0249022394162763,0.0031966087458338,0.0038154968876746,CLOSED
0.1509055748970993,0.1903735193281363,0.1706395471126178,0.0242075079137781,0.0039103844082569,0.0033957113888526,0.0241847524364622,0.0042314573687704,0.0049768155020476,CLOSED
0.1295623160372193,0.1963207069152557,0.1629415114762375,0.0241244269356277,0.0032850384920729,0.0029661947616283,0.0241309680039892,0.0043889241169151,0.0050858932772699,CLOSED
0.1128136730141325,0.1236249743377237,0.1182193236759281,0.0239669920846062,0.0028546586956925,0.0025529501206376,0.0238985301840077,0.0026778144097986,0.0032310959516159,CLOSED
0.0912447092906167,0.1356616944015201,0.1134532018460684,0.0240719259948229,0.0023660343896526,0.002026837389273,0.0241162649846606,0.0029958192092937,0.0035474875316165,CLOSED
0.0998284692505999,0.1381739219792671,0.1190011956149335,0.0242027228504365,0.0025475114214247,0.0022847301262864,0.0236367160822322,0.0029685402158879,0.0035634153116969,CLOSED
0.091848174916682,0.1111738344525597,0.1015110046846209,0.0244228362399535,0.0023762715922248,0.0021101142776326,0.023121698023393,0.0023628696044562,0.0027781860521733,CLOSED
0.0865295460737544,0.1352468930494413,0.1108882195615978,0.0243875603706277,0.002208745650637,0.0020117434067963,0.023045034816467,0.002899680581421,0.0033338581368656,CLOSED
0.1149651912103825,0.1209337231205721,0.1179494571654773,0.0238110757851168,0.0029140640017321,0.0025608257593895,0.0234351987933742,0.0026001807875122,0.0030680308967946,CLOSED
0.1235996282988564,0.0889567127550683,0.1062781705269623,0.0243617603329407,0.003168300417482,0.0028539086262326,0.0236688737244727,0.0019010863337364,0.0023099240685513,CLOSED
0.1922481999121652,0.184957782534426,0.1886029912232956,0.0240669116782414,0.0049253251913371,0.0043283157038368,0.0235139142541206,0.0040449547482907,0.0046532081300028,CLOSED
0.1276289676707012,0.1436577936928439,0.1356433806817726,0.0252453470053285,0.003467365554999,0.0029767095985583,0.0242016307976888,0.0032249991257837,0.0037285066425457,CLOSED
0.1650134948572222,0.1918390024076187,0.1784262486324205,0.0255239612408905,0.0044595997494328,0.0039639963444864,0.0243734829370364,0.0043743367056398,0.0049772325980405,CLOSED
0.1692547392810505,0.1569748611791712,0.1631148002301108,0.0255833781969012,0.0046338184887381,0.0040263975245519,0.0255379068071172,0.0037548621170552,0.0042627566346524,CLOSED
0.1914505274344626,0.1211478735104137,0.1562992004724381,0.0255173591444142,0.0051742266953182,0.0045963970385471,0.0258109408945724,0.002877357777972,0.0033765234273888,CLOSED
0.1419833659159549,0.1390400085162205,0.1405116872160877,0.0269936294535616,0.0040813081144159,0.0035839846217935,0.0264395658404608,0.0033409775375903,0.0040113373816553,CLOSED
0.1696320114092679,0.1000004665286012,0.1348162389689346,0.0274365392828121,0.0048628637821474,0.0044453669071581,0.0275756307936796,0.0024267973817646,0.0030883545066122,CLOSED
0.1274207120720464,0.1175753719047532,0.1224980419883998,0.0282548193051766,0.0037847220347784,0.0034157763558867,0.0281040402611605,0.0028659114302279,0.0037427745412362,CLOSED
0.1345709995944187,0.1362399469151315,0.1354054732547751,0.0286932600872635,0.0041472161352722,0.003575345247859,0.0284872097837926,0.0035527715901782,0.00420942030723,CLOSED
0.1127976906972254,0.1203887057075073,0.1165931982023664,0.029601605088736,0.0034953266100555,0.0031826587798258,0.0285567379733337,0.0030931075860415,0.0037827098616346,CLOSED
0.1324984521894343,0.1837571896098333,0.1581278208996338,0.0301655416429353,0.0041599019247463,0.0038338732295433,0.0292677285390073,0.004956396584715,0.0057999145004679,CLOSED
0.1789418288503071,0.1537028781485526,0.1663223534994298,0.0290771684485782,0.0055389869895271,0.0048672564104269,0.0296957342348921,0.0042767167694839,0.0048519228717909,CLOSED
0.1125592578429566,0.1018859453686488,0.1072226016058027,0.0294474122313737,0.0036696699721507,0.0029594877601673,0.0306618534237938,0.0028916221755667,0.0033564016701096,CLOSED
0.1364953436363556,0.1147925330314707,0.1256439383339132,0.0321828026539386,0.0047164234350699,0.0040691819797908,0.0337708632441172,0.0037028635272152,0.004050422341688,CLOSED
0.1306540722343865,0.1630137937299269,0.1468339329821567,0.0321341365433958,0.004553384819375,0.0038435267748859,0.0349289876536129,0.0054370170841122,0.0059507964930102,CLOSED
0.1145732175440899,0.1287231008326308,0.1216481591883604,0.0328722689865967,0.0040809304288326,0.0034516328227057,0.0357247059015709,0.0041724909673883,0.0050246988725796,CLOSED
0.114810383573518,0.1086368845885806,0.1117236340810493,0.0328062444636433,0.0042248840151736,0.0033081110057813,0.0356177465405336,0.003420281228005,0.0043185208124534,CLOSED
0.1468591935952236,0.1066996727288182,0.1267794331620209,0.0329086984285076,0.0053521795593644,0.0043137102675936,0.0353252918736516,0.0033227934550229,0.0042156007089142,CLOSED
0.137646078700367,0.1826327939642016,0.1601394363322843,0.0340960030360575,0.0051771702124391,0.0042091920220991,0.0364493748409636,0.0060765083312039,0.0072371939997034,CLOSED
0.1089371980015018,0.1379413040229567,0.1234392510122292,0.0348688574235008,0.0041526627318945,0.0034443685185655,0.0370492860842301,0.0046100464326925,0.0056112072384639,CLOSED
0.0892588954471887,0.1617202072341089,0.1254895513406488,0.0354972035892243,0.003450386634428,0.0028864957332482,0.0378041230565128,0.0055712645202556,0.0066561167097503,CLOSED
0.0875048178963568,0.1490143937559606,0.1182596058261587,0.0356644291922982,0.0034493061906524,0.0027923125730466,0.0379587335901859,0.0051577403127578,0.0061550550346132,CLOSED
0.0779033888310011,0.169941859689721,0.1239226242603611,0.0357051358512378,0.0031202900052192,0.0024428121577461,0.0374925206572972,0.0058153542585729,0.0069277431113397,CLOSED
0.0731803995513298,0.1631281675084482,0.118154283529889,0.0362994327252173,0.0029705935992452,0.0023422203813907,0.037573466157125,0.0056512170950185,0.0066073642672865,CLOSED
0.0808261180042096,0.1878634113163228,0.1343447646602662,0.0363507331706352,0.0032393027639843,0.0026368745335942,0.0374460595959174,0.0064996046133628,0.0075698843787239,CLOSED
0.0855401641428899,0.1544124620487945,0.1199763130958422,0.0367688617239679,0.0034240065749207,0.0028664223595101,0.0372116134405262,0.0052606992989925,0.0062311743973267,CLOSED
0.0848026219694964,0.1623043672524542,0.1235534946109753,0.0363536265624543,0.0033748640695979,0.0027909016315942,0.0370031849037252,0.0055052373442011,0.0065063196800481,CLOSED
0.0928268358321261,0.1427917739831118,0.1178093049076189,0.0361922836333685,0.0036527142956537,0.0030665160467951,0.03683358666677,0.0047701042783243,0.0057489620862932,CLOSED
0.0698703706506262,0.1536437257053411,0.1117570481779837,0.0367347187727633,0.0027947356181303,0.0023386012146686,0.0368019791534141,0.0051483690290687,0.0061604173518529,CLOSED
0.0809641377692049,0.1805210644468746,0.1307426011080398,0.0363967982794529,0.0031941992281339,0.0026994715523772,0.0364375701726622,0.0060513560700291,0.0071041418368241,CLOSED
0.0997641908805567,0.152120253850842,0.1259422223656994,0.0360747497007406,0.0038426608195201,0.0033552756107059,0.0361952071293007,0.0050288707015417,0.0059831774918443,CLOSED
0.1227212047135569,0.1552188433789416,0.1389700240462492,0.0361110313437824,0.0046903343589539,0.004172844180962,0.0366289452292777,0.0051996034080858,0.0061714016172723,CLOSED
0.1001569011328461,0.1672262096589879,0.133691555395917,0.0366607727533112,0.0038337979382515,0.0035098608459627,0.0363370547851683,0.0055749002433594,0.0065781156404299,CLOSED
0.0954370794914846,0.1917336785748957,0.1435853790331901,0.0363945408445316,0.0037379621335467,0.0032088152417245,0.0357703989010413,0.0063442231780518,0.0073725571527242,CLOSED
0.080982544857939,0.1598004937353563,0.1203915192966476,0.0361747295571688,0.003195699895843,0.0026633434223314,0.0355350647478815,0.0052102182938855,0.006146823489373,CLOSED
0.0755475788152292,0.1677366164800126,0.1216420976476209,0.0357245573584201,0.0029051021457021,0.0024927054796467,0.0357174377404065,0.0054699810999813,0.0065122632118412,CLOSED
0.1094406560047611,0.160690488717456,0.1350655723611085,0.0349330560449234,0.00401042412828,0.0036357690113349,0.0348078981168143,0.0051445850238446,0.0060420112953919,CLOSED
0.1901332176751589,0.2948675526067225,0.2425003851409407,0.0326592490034117,0.0065406513288617,0.005878564870884,0.0327332986068832,0.0090878712361558,0.0102161040617575,CLOSED
0.3462650560452329,0.3053964295386802,0.3258307427919565,0.0319973063702366,0.0111982622347364,0.0109608359324365,0.0301474452159685,0.0087030379183312,0.0097108063390083,CLOSED
0.3609849420245442,0.3546160967307311,0.3578005193776377,0.0312445380130226,0.0114127488928347,0.0111448665935945,0.0296958363262603,0.0099672075418533,0.0110940355924927,CLOSED
0.3371318629310564,0.3759269210257936,0.356529391978425,0.0301951193705262,0.0103742313988984,0.0099852422907238,0.02870918786442,0.0102741905012593,0.0113109226967857,CLOSED
0.1181922487615195,0.1264237671560495,0.1223080079587844,0.030345956157015,0.0036073451157751,0.003565968482257,0.0300820911043308,0.0033602032419472,0.0042459793207346,CLOSED
0.1000926801981754,0.1155377584294006,0.107815219313788,0.0296195622985891,0.0030791788624078,0.0028502238911173,0.0290415878472846,0.0029571412871966,0.0037536586350149,CLOSED
0.1249618840762628,0.1365112861178011,0.130736585097032,0.0289727714663192,0.0037561922195949,0.0034847919990895,0.0290717817163995,0.0035349899720639,0.0044022626516194,CLOSED
0.1710940540120535,0.2079266007363721,0.1895103273742128,0.0284249536236729,0.0051002763635969,0.0046264047375606,0.0280537385461106,0.0052056843239019,0.0064605526637774,CLOSED
0.1070492115471132,0.1903462314383514,0.1486977214927323,0.0280441670605884,0.0030417765421397,0.0029624354025232,0.0284247066852869,0.0047827774785604,0.0060382941160093,CLOSED
0.1355800308107239,0.2406757743651808,0.1881279025879523,0.0278354929143111,0.0037972980877097,0.0037505758861981,0.027819879580678,0.0060193952588853,0.0073717468627661,CLOSED
0.1815521016393436,0.2071747815352565,0.1943634415873001,0.0275843868295126,0.0052447344202459,0.0047712723824153,0.02714490815648,0.0051303484483146,0.006117132385912,CLOSED
0.1151268767134884,0.188619349079729,0.1518731128966087,0.0275967743220075,0.0031809068454079,0.0031733540247114,0.0277711470762083,0.0047202625774146,0.005756088792009,CLOSED
0.1242907223936134,0.157966590323442,0.1411286563585277,0.0274903701596608,0.0035154947425296,0.0033181011894944,0.0268053779393345,0.0038600445269354,0.0046086637838803,CLOSED
0.096501441031067,0.1392594996616256,0.1178804703463463,0.0266613130115662,0.0027268343051789,0.002418875945614,0.0271342815223604,0.0033918019664663,0.0041656109704968,CLOSED
0.1652437617235931,0.1349516213642478,0.1500976915439204,0.025917123527991,0.00456842826258,0.0039968577070604,0.0267269181439206,0.0032736564895773,0.0039400253856058,CLOSED
0.1301662946483805,0.1469070258984513,0.1385366602734159,0.0264907874809516,0.0036710520368835,0.0032253632605428,0.0267396313236159,0.003649801097011,0.0042066783257359,CLOSED
0.1221826795290149,0.1148911693726011,0.118536924450808,0.025815739133648,0.0033340481179435,0.0029744242447987,0.0273455721920361,0.0028702377727398,0.003413291759872,CLOSED
0.0968213126302638,0.1221162351827446,0.1094687739065042,0.0262800735220437,0.0026322984212798,0.0024566440075684,0.0274483648230497,0.0031283880699866,0.00357539387824,CLOSED
0.1187571793643062,0.1224974086291828,0.1206272939967445,0.0258543127135334,0.0031893623519595,0.0029514081525643,0.0262285342821013,0.0028295924150875,0.0035962625483106,CLOSED
0.1444205960340333,0.1157989187348403,0.1301097573844368,0.0256145246049233,0.0039272581514752,0.0034712716696676,0.0257674095222899,0.0026644025044097,0.0033032738181482,CLOSED
0.1162915717569212,0.109987411924328,0.1131394918406246,0.0260281740167083,0.0032231463940788,0.0028305681386524,0.0259930002935431,0.0025619873860449,0.0031558182748253,CLOSED
0.1115370267805777,0.1133129851286364,0.112425005954607,0.0258785125065334,0.0030437141999734,0.0027291104849919,0.0256137169776819,0.0025933224235314,0.0032114110384308,CLOSED
0.1534549829017744,0.1575209142359013,0.1554879485688378,0.0262409263492445,0.0041819491206425,0.0038716526878575,0.0261891674745345,0.003663169025188,0.0045875141821435,CLOSED
0.1292090986696868,0.0944287692828802,0.1118189339762835,0.0259924553654156,0.0034449960274417,0.0032719274325131,0.0260954927683397,0.0020058311999176,0.0029224993319716,CLOSED
0.1318638301504355,0.1039601180585697,0.1179119741045026,0.0261275155808367,0.0036476407124477,0.0032429078411608,0.026407225491439,0.0022968918010061,0.0031937047583723,CLOSED
0.1523189191292686,0.1042666610868374,0.128292790108053,0.0269178315262386,0.0042104068940195,0.0039897831127413,0.025529839894052,0.0022015825787151,0.0031222397489535,CLOSED
0.1707319878705077,0.1127888202215713,0.1417604040460395,0.026814462036822,0.0047339148864821,0.0044222579279676,0.0254472585547111,0.0024859632202329,0.0032543693202854,CLOSED
0.179349484920802,0.1549734721514075,0.1671614785361048,0.0272447542759668,0.0050811248084331,0.0046915404839437,0.0248221395489366,0.0035149962622552,0.0041785500419957,CLOSED
0.2188219958978657,0.1715612806818478,0.1951916382898567,0.027925499389812,0.0062300331401374,0.0059913938857091,0.0243351591025021,0.0037904052062418,0.0045595369162017,CLOSED
0.1531049381082848,0.1762396570765803,0.1646722975924325,0.0283150634072172,0.0044335059350571,0.0042368461259311,0.0264761282715083,0.0042898351626653,0.0050424523719069,CLOSED
0.1479471272029748,0.1468078884873226,0.1473775078451487,0.0287379271533378,0.004397097233249,0.0041062902949603,0.0274557029760734,0.0035974875640941,0.0044639399976107,CLOSED
0.1334759432363878,0.1630349193292279,0.1482554312828078,0.0282699531605309,0.0039504540067242,0.0035962633199765,0.029063904396456,0.0042882353811486,0.0051886272361885,CLOSED
0.1617133578219437,0.1510218402122396,0.1563675990170916,0.0293084841393175,0.0049175708118142,0.0045615759538662,0.03001637741288,0.004188082616354,0.0048781744904424,CLOSED
0.1770571235899813,0.1734170234849646,0.175237073537473,0.030099761675329,0.0055021506089507,0.0051566038370047,0.0300855524114224,0.0047240638977928,0.0057106300003867,CLOSED
0.1785650381500797,0.1042471129333753,0.1414060755417275,0.0308012647588864,0.0057709830522237,0.0052290749812587,0.0316136452089849,0.0029466750790613,0.003644587405612,CLOSED
0.126740904334547,0.1761263063707003,0.1514336053526237,0.0314741575687823,0.0041948840309718,0.0037832423558991,0.031563369284285,0.0051285446260655,0.0059897346712455,CLOSED
0.1176423721967458,0.1005481724572049,0.1090952723269753,0.031656362590013,0.0040028911947405,0.0034453679856783,0.0323532119193038,0.0028854290264477,0.0036206836367655,CLOSED
0.122854713361372,0.1157925514216477,0.1193236323915098,0.0321044445753686,0.0041698425895451,0.0037185220823208,0.0327274066378024,0.0033203577967482,0.0042588220352615,CLOSED
0.0969806413063328,0.1154736420743324,0.1062271416903326,0.0321312485511003,0.0034025196635488,0.0028296985173689,0.0326396872287027,0.0034033420303825,0.0041347050905482,CLOSED
0.0887979225436365,0.1306563328982797,0.1097271277209581,0.0328676045102891,0.0030813890153756,0.0027557609836233,0.0337145946939003,0.0039632094434286,0.0048468411722849,CLOSED
0.0748073573182948,0.1268765864615696,0.1008419718899322,0.0330582937053478,0.0026850903222718,0.0022609168568263,0.0339443516051707,0.0038805702753584,0.0047329166472723,CLOSED
0.1034399568044098,0.1299297309767527,0.1166848438905812,0.0337189645948981,0.0037000211122197,0.0032757553701515,0.0330348831918318,0.0038955838880308,0.0046888430838955,CLOSED
0.1198831178915989,0.1357495293162863,0.1278163236039426,0.0334681633195073,0.0042012882761196,0.0038232472615758,0.0330260790315399,0.0041263849270421,0.0048401644403458,CLOSED
0.1102814604382245,0.1067781650364037,0.1085298127373141,0.0337418519841596,0.0039181615846627,0.0035240398447442,0.0336781463091594,0.0032991579659745,0.0038930233634645,CLOSED
0.0915266936758675,0.1203732638397393,0.1059499787578034,0.0334837657705793,0.0031658688932531,0.0029634478523434,0.032724140564452,0.0035770021007439,0.004301221111443,CLOSED
0.2585071557799318,0.2883085821953363,0.2734078689876341,0.0322505310105502,0.0085808867888815,0.008093099298978,0.0307647187738358,0.0084119297512226,0.009327535151423,CLOSED
0.3064826548055989,0.3479650320556767,0.3272238434306378,0.0317386586751982,0.0098771317861516,0.0095775649553353,0.0307999635362432,0.0102804317112548,0.0111541888871502,CLOSED
0.2980714510997618,0.3465118999114784,0.3222916755056201,0.0315089661580745,0.0097098734904746,0.0090739730403064,0.0306139515211746,0.0101938505827201,0.01102234642808,CLOSED
0.2219811946811975,0.3187063947281414,0.2703437947046694,0.031880771575105,0.0074713785980511,0.0066824849251491,0.0303847621456903,0.0091839676884415,0.0101836683078085,CLOSED
0.1212159867840853,0.1504401259410453,0.1358280563625653,0.0327047491163374,0.0041454750049974,0.0037832018683281,0.0326366930619347,0.0045740482068811,0.0052456882221922,CLOSED
0.113986815577398,0.1679861559631513,0.1409864857702747,0.0331254424037961,0.0039496181444757,0.0036021092439267,0.0322965119248628,0.0049615496787515,0.0058891840998,CLOSED
0.1110232078709426,0.1486705746758639,0.1298468912734033,0.0333081955012521,0.0038676838962746,0.0035282815296084,0.0320380761067097,0.0044335167072606,0.0050927216653266,CLOSED
0.0937542200858981,0.1403412938218017,0.1170477569538499,0.032536483646492,0.0032168073364036,0.0028840579608252,0.0314575265447466,0.004066229174233,0.0047633507772137,CLOSED
0.0782471259998175,0.1328898336793258,0.1055684798395716,0.0319552268731991,0.0026376975935508,0.002363111733449,0.0308215105968451,0.0037344116691113,0.0044573191648093,CLOSED
0.0897410909378072,0.148310123195971,0.1190256070668891,0.0306557563860705,0.0029000614736152,0.0026021005696039,0.0303331815178674,0.0041947052490535,0.0048027305266278,CLOSED
0.124319683563446,0.1691367697415644,0.1467282266525052,0.0302609746276591,0.0039903141991178,0.0035337553809463,0.0299024280212344,0.0047611913123911,0.0053540088534913,CLOSED
0.1102663329603842,0.2268213993430149,0.1685438661516995,0.0305322016277186,0.0036218583717039,0.0031114894496872,0.0297935505900721,0.0061677135929255,0.0073479160795486,CLOSED
0.1216928326047216,0.1899101138111712,0.1558014732079464,0.0296772822068817,0.0038845738414857,0.0033384512300445,0.0305412783082065,0.0052657656215952,0.006334429657305,CLOSED
0.1519463071440648,0.2223214972295575,0.1871339021868112,0.0291991252207878,0.0047667133197153,0.0041066851785563,0.0300946318031251,0.0061897780671686,0.0071915891349174,CLOSED
0.0923497228004292,0.1922304628936205,0.1422900928470249,0.0300128264446648,0.0030730133134875,0.0024703390917567,0.0288785606928454,0.0051262529599494,0.0059764252194249,CLOSED
0.1702785525297275,0.1846012197502597,0.1774398861399936,0.0295434411392704,0.0052606953647655,0.0048005334231188,0.0307432792526371,0.0051783039585735,0.0061721897397458,CLOSED
0.1579712950081263,0.2092477371803362,0.1836095160942312,0.0297817946569262,0.0049647673469849,0.0044445699922564,0.0307245602698851,0.0058484677299727,0.0070096216946959,CLOSED
0.1125631189672621,0.2891243603778797,0.2008437396725709,0.0309385360607104,0.0038145493431207,0.0031505268874285,0.0302031776985484,0.0081022451712163,0.0093627036957281,CLOSED
0.1090619558266762,0.152242290348628,0.1306521230876521,0.0305388246845459,0.0035694637769011,0.0030917841205879,0.030281517066624,0.0040640646096798,0.0051561904172279,CLOSED
0.0807176240247256,0.1207497073292594,0.1007336656769925,0.0305968468683281,0.0026871799215857,0.0022522296421338,0.0308142230659171,0.0033189997668229,0.004122617066753,CLOSED
0.1165961321483337,0.1367463474570315,0.1266712398026827,0.0306187368865974,0.0038157694942296,0.0033242830902598,0.0318825620295741,0.0038697247744984,0.0048499230357345,CLOSED
0.1034803348042236,0.1049579027401154,0.1042191187721695,0.0311784284497432,0.0034744686643942,0.0029782397649036,0.031919698666822,0.0028035186266419,0.0038969306296902,CLOSED
0.083435872484692,0.1370568466262824,0.1102463595554872,0.0320092013212273,0.002864666115541,0.0024767651640084,0.0327166863897165,0.0040174660337154,0.0049506257035557,CLOSED
0.1108163008795677,0.1759183861948401,0.1433673435372039,0.0319954245585273,0.0037577894510317,0.0033334397382628,0.0318728652696333,0.0050381481700519,0.0061758978732269,CLOSED
0.1041597974892131,0.1978536920939996,0.1510067447916064,0.0319368303299224,0.003509244733997,0.0031438228252271,0.032001358010673,0.0056478428095834,0.0070153308592836,CLOSED
0.087561112968484,0.1491841476840012,0.1183726303262426,0.0317344131851295,0.0029437541889258,0.0026136468868575,0.031815242821077,0.0041937106825465,0.0052989490846972,CLOSED
0.084815598979815,0.1527532392597224,0.1187844191197687,0.0320186239084544,0.0028909650675409,0.002540392463069,0.0314243527783884,0.0042409095228098,0.0053594338342682,CLOSED
0.0826999806328246,0.1572926817996512,0.1199963312162379,0.031739077196383,0.0027946970122936,0.0024549451265955,0.0317413447987964,0.0044039886191815,0.0055813738754786,CLOSED
0.0986563529298594,0.1713597828420071,0.1350080678859332,0.0315037120287296,0.0033564607058787,0.0028596219591352,0.0313143974462106,0.0048445621352265,0.0058874945571954,CLOSED
0.0909702912253596,0.1635594707309705,0.127264880978165,0.0315592356733629,0.0031278879299063,0.0026140177902048,0.0312622272850638,0.0046492618794083,0.0055772048178243,CLOSED
0.0883847829936636,0.1595500056668767,0.1239673943302701,0.0311158671056359,0.0029798875408208,0.0025204507827617,0.031237367756036,0.0044529245903745,0.0055149198146131,CLOSED
0.0826805230483378,0.1954027597764663,0.139041641412402,0.0306373812704109,0.0027258880554305,0.0023403413611073,0.0308237045179583,0.005534810568399,0.0065112632902877,CLOSED
0.1168424490531535,0.1927062651516382,0.1547743571023958,0.0302416900640432,0.0037926501891108,0.0032743760720676,0.0309362767486888,0.0054581105965011,0.0064651181033734,CLOSED
0.136997524771579,0.203759486834313,0.170378505802946,0.029913618367501,0.0043730992946365,0.0038230840519819,0.0304231116614461,0.0056962968428271,0.0067016983972514,CLOSED
0.117426720313597,0.1815825093731145,0.1495046148433558,0.0303766546997229,0.0038609203367312,0.0032731415342429,0.030739607864615,0.0051060873995333,0.0060574628668712,CLOSED
0.0914532095881716,0.1749538618030928,0.1332035356956322,0.0305439033956061,0.0030591835531305,0.0025274924446279,0.0304673390152966,0.0048271168198512,0.0058336404193291,CLOSED
0.0992295517852431,0.181569923542388,0.1403997376638156,0.0300393263317387,0.0032533799338367,0.0027081978418214,0.0311336964033154,0.0052054549098273,0.0061004308412564,CLOSED
0.0819274382009784,0.2005600558366598,0.1412437470188191,0.0301211782224558,0.0027357801033691,0.0021997218313527,0.031279269379374,0.0057910953318633,0.006755648694651,CLOSED
0.0877147104214745,0.1860696470963199,0.1368921787588972,0.0298355000736224,0.0029150218605451,0.0023190026379301,0.0313809301469498,0.0053597230555309,0.0063183541404635,CLOSED
0.1070328767375619,0.2038550457329281,0.155443961235245,0.0304800750608629,0.0035689935396989,0.002955746694183,0.0311616606777382,0.0058638830926497,0.0068410404324989,CLOSED
0.1038201506683544,0.2065302198754049,0.1551751852718797,0.0303608597719467,0.0034028452850547,0.0029012927868338,0.0309505732930789,0.0059187507374962,0.0068657066774825,CLOSED
0.0783215184032825,0.1718190963216118,0.1250703073624472,0.0305889138338867,0.0026903059262421,0.0021012344293122,0.0314137278934563,0.0049673459992649,0.0058276106782283,CLOSED
0.0852518290850871,0.1556842561683702,0.1204680426267286,0.0306656537118318,0.0028986099948141,0.0023299961432329,0.0316474967283855,0.0044961630103492,0.00535787096515,CLOSED
0.1125799742327246,0.1224358607625316,0.1175079174976281,0.0306553495501953,0.003761627316303,0.0031407296086092,0.0319823160386482,0.0035186699007565,0.0043128948859858,CLOSED
0.1677783524371616,0.1106437106425735,0.1392110315398675,0.0301229392797278,0.0053520297309756,0.0047559245148591,0.0322645176073717,0.0032166541484201,0.0039230777519243,CLOSED
0.1580374155459168,0.1528879063815145,0.1554626609637157,0.0303194440225689,0.0051072070745551,0.0044760060736766,0.0311062968937507,0.0043175783343274,0.0051939748804072,CLOSED
0.1769447044433226,0.1684380590893002,0.1726913817663114,0.0311195097061193,0.0057937881297742,0.0052190767649665,0.031457396654688,0.0048251904063497,0.005772055266686,CLOSED
0.2127897661269031,0.121261279733295,0.1670255229300991,0.0322079169337106,0.0070337405290389,0.0066732896944791,0.0310174792965443,0.0034273688638125,0.0040950696033873,CLOSED
0.2173823165722397,0.2256785438188123,0.221530430195526,0.0312726374253484,0.0070258807800155,0.0065703559576763,0.0300913301579086,0.0064003508891858,0.0071815842540299,CLOSED
0.2213134049183629,0.1707523788991672,0.196032891908765,0.0321348628834254,0.0073707976627137,0.0068529541799175,0.0303529107357754,0.0046394250383163,0.005726238390979,CLOSED
0.198959719895278,0.1827033547355757,0.1908315373154269,0.0320470992164802,0.0067904560349993,0.0059617077321348,0.0304367708090528,0.0051265229540717,0.0059952773141918,CLOSED
0.2213592114794967,0.1947394422187644,0.2080493268491305,0.0314756181287102,0.007044580831114,0.006890255188488,0.0311140574723539,0.0056666377956785,0.006451630598979,CLOSED
0.19778830356184,0.1344871762664996,0.1661377399141698,0.0324677694281703,0.0066572928952553,0.0061861971760142,0.031247738596892,0.0037854001234204,0.0046194401337989,CLOSED
0.1708892567882375,0.1723820048632912,0.1716356308257643,0.0322215417399489,0.0056559730331159,0.0053566576079062,0.0309365624669102,0.0046709400984969,0.0059948732247519,CLOSED
0.1748826563799425,0.1389126660114552,0.1568976611956989,0.0310236008677534,0.0056179437896784,0.0052330356707691,0.0309289575792028,0.0036823227358719,0.0049105251726925,CLOSED
0.1249619889234658,0.2669955297081039,0.1959787593157848,0.0323558991293084,0.0042040402348843,0.0038824747823264,0.0296391073885009,0.0071539187019978,0.0086730996525384,CLOSED
0.1205773279090045,0.3013138508515089,0.2109455893802567,0.031195516595462,0.0040473953416325,0.003475548726011,0.0306217546593896,0.0083449247060717,0.0101085929264299,CLOSED
0.1071395949455292,0.1942174540768379,0.1506785245111836,0.0309152993530246,0.0034730564289893,0.0031514488716163,0.0305046782686283,0.0054593327967895,0.0063897491047425,CLOSED
0.1795837105466123,0.1838260469019353,0.1817048787242738,0.0296558449199091,0.0055790474600828,0.0050723658801414,0.0314233343330781,0.0051822379337112,0.006370616728144,CLOSED
0.1892817160875752,0.1974499231391855,0.1933658196133804,0.0294856981172831,0.0058545166015709,0.0053076904777881,0.0311181616148933,0.0056195458891617,0.0066690113490251,CLOSED
0.1631651985725929,0.1809545853299527,0.1720598919512728,0.0297495301564156,0.0051353945201757,0.0045727814706501,0.0300641738060398,0.0050048419982042,0.0058756582105148,CLOSED
0.1146055814023286,0.1684903079301412,0.1415479446662349,0.0302796065377327,0.0037191950242701,0.003221228799511,0.0307043348816087,0.0046912912099224,0.0056554744680624,CLOSED
0.1299543932246235,0.150208590206186,0.1400814917154047,0.0296709697328285,0.0041900536271363,0.0035216921088954,0.0308308513295887,0.004197408772184,0.005064708653964,CLOSED
0.0934005676091984,0.1634097670097732,0.1284051673094858,0.0301855591202085,0.0030993557537571,0.0025393409570998,0.0303077501198769,0.0045129767156383,0.0053921880557207,CLOSED
0.1073132993823349,0.1884540141610383,0.1478836567716866,0.0295219113833644,0.0034226398666653,0.0029135475625782,0.0294116582891191,0.0050952672327844,0.0059902229026501,CLOSED
0.1452666003269064,0.2469125156965486,0.1960895580117275,0.0292140193012211,0.0046214414122748,0.0038662011192712,0.0290123607466988,0.0067680787895202,0.0075589511670061,CLOSED
0.1637851850784507,0.2111721542548044,0.1874786696666276,0.0290360667322738,0.005010833169833,0.0045005219575583,0.0293076518638234,0.0057539297998189,0.0066239901606479,CLOSED
0.1033167907241327,0.1911576840371344,0.1472372373806336,0.0291804192126513,0.00314822292737,0.0028814316027018,0.0284535532748462,0.005088449638091,0.0057897810552025,CLOSED
0.1115175134578266,0.1819296864569067,0.1467235999573666,0.0279351381782533,0.0033135997389821,0.002916914556497,0.0275946564482496,0.004693043093358,0.0053475312976741,CLOSED
0.0983576354763841,0.1057863670283328,0.1020720012523585,0.0285350436284133,0.0028278313008092,0.0027854475382031,0.0271102644466959,0.0026024780561978,0.0031333147137888,CLOSED
0.1281666345598678,0.1240667707032362,0.126116702631552,0.0267606549732982,0.0036278316575885,0.0032318145155022,0.0269722910817063,0.0028995491074282,0.0037931809985218,CLOSED
0.1342215183815528,0.1579076783103472,0.14606459834595,0.0261009852337224,0.0037460193421136,0.0032606083965358,0.0267461257371167,0.0037845840448437,0.0046622531930456,CLOSED
0.1270504431127621,0.1201543652584711,0.1236024041856166,0.0259696306434723,0.0034881871440481,0.0031107190174076,0.0269408066877127,0.0028188278676257,0.0036552831866008,CLOSED
0.1233212913100733,0.1496720762917371,0.1364966838009052,0.0258526762972757,0.0033484441884888,0.0030279266611138,0.0251837095402495,0.0033979853350961,0.0041406108561381,CLOSED
0.0969364882715244,0.1307871289085805,0.1138618085900525,0.0261549447071924,0.002603293399347,0.0024674435823551,0.0262538957044831,0.0030899980137386,0.0037773452699706,CLOSED
0.106453557743281,0.1235188784359106,0.1149862180895958,0.0255259357096598,0.002891298435387,0.002543354906652,0.0258475888535624,0.0028507146054068,0.0035346157655222,CLOSED
0.0758590385356464,0.1621565151303733,0.1190077768330099,0.0255271153537309,0.0021248927049544,0.0017480321496907,0.0254072306320872,0.0037389987772937,0.0045008971795321,CLOSED
0.0848849920050737,0.1304177408166184,0.107651366410846,0.0247853270033083,0.0022634655797365,0.0019443389893014,0.0248902071258448,0.0029337800157095,0.0035584691479111,CLOSED
0.0875436181847165,0.1765904345243144,0.1320670263545155,0.0244748243450068,0.002316603800795,0.0019686255543994,0.0250438473237617,0.0040294061387715,0.0048156016233558,CLOSED
0.1232897419186435,0.1675596543933288,0.1454246981559862,0.0243648844868037,0.0031804771655735,0.0028274034749376,0.0246836147749605,0.0036743949742508,0.00459756094749,CLOSED
0.1448176254708445,0.1616434470539927,0.1532305362624186,0.0243636396266372,0.0037257597269884,0.0033308091501255,0.0249642468810246,0.0036339260011811,0.0044366878367302,CLOSED
0.1295628102664673,0.1524750780836949,0.1410189441750811,0.0247383211315868,0.0034446494543782,0.0029656833597872,0.0251355292694598,0.0034429667670834,0.0042221168089883,CLOSED
0.1131523068553489,0.1550194894245144,0.1340858981399317,0.0244341027165323,0.0029474801582915,0.0025820700183408,0.0252682311875838,0.0034970072641747,0.0043371293305449,CLOSED
0.0943864232817818,0.1589146353456233,0.1266505293137026,0.0244431248800582,0.0025305933477521,0.0020836049147651,0.0250047501779104,0.0035729503586321,0.0043742911542299,CLOSED
0.1372080910756954,0.157840364148079,0.1475242276118872,0.024518413239537,0.0036234307624613,0.0031048185911425,0.0254271438689556,0.0036245533181668,0.0044023059768762,CLOSED
0.1289953794406759,0.1438909996654709,0.1364431895530734,0.025447167643359,0.0034316428835756,0.0031334912081155,0.0254013108488354,0.0032197686745711,0.0040902713471334,CLOSED
0.2106111606302692,0.1752331154615473,0.1929221380459083,0.0250860667744086,0.0054700115133743,0.0050967997646389,0.0248227320929988,0.0041647275999413,0.0045348017579057,CLOSED
0.233562599783218,0.1343656922298201,0.183964146006519,0.0244846764955101,0.0060114962764353,0.0054259131178494,0.0257485396919862,0.003278256089037,0.0036411846302044,CLOSED
0.183507702635699,0.0977850177149015,0.1406463601753003,0.0251414419750678,0.0048083199675353,0.0044189765480515,0.0259481227688825,0.0023578837430106,0.0027167915462365,CLOSED
0.2236287791080287,0.1832184836822326,0.2034236313951307,0.0255130612216835,0.0060013846736316,0.0054095247909953,0.0263661156290902,0.0045802150961616,0.0050813043561429,CLOSED
0.2646373426620896,0.156029421038166,0.2103333818501278,0.0253842197152178,0.0069214536765976,0.006513771225374,0.0268659836079345,0.0040683372134863,0.0043154305224474,CLOSED
0.1826764939533176,0.1311407923857144,0.156908643169516,0.0267450260262469,0.0046621910209463,0.0051091841493837,0.0273792975770778,0.0036901501980762,0.0034909353603682,CLOSED
0.2374745783907707,0.1647607861273629,0.2011176822590668,0.0289268876720828,0.0068565888788095,0.0068822120293605,0.0288938426849924,0.0047242989571041,0.0047968455129352,CLOSED
0.1632936159625616,0.1343185787535462,0.1488060973580539,0.0298166751905277,0.0048500420670876,0.0048877033485972,0.0294604540581289,0.003998416703404,0.00391575593364,CLOSED
0.1351384970744091,0.100762862882257,0.117950679978333,0.0295567826846968,0.0040786920815982,0.0039098262991314,0.0304874776015049,0.0029014321188331,0.0032425789315394,CLOSED
0.0875376521313375,0.1090021866422875,0.0982699193868125,0.0310340587798365,0.0027487434453475,0.0026845538380381,0.030762272394576,0.0030603875575499,0.003645922356639,CLOSED
0.1453666866876955,0.1083990675360966,0.1268828771118961,0.0299890902930119,0.0045211304507412,0.0041976989346053,0.0310753888904597,0.0031738347468141,0.0035632516112806,CLOSED
0.2379373622316824,0.1983929864681813,0.2181651743499318,0.0295539714176731,0.0072676596018854,0.0067963284032978,0.0311316827958355,0.005772498864431,0.0065801161828607,CLOSED
0.1502280942901037,0.1554359179246649,0.1528320061073843,0.030589468445449,0.0047471290891974,0.0044436660106166,0.0314252558988083,0.0046372210006991,0.0051320059925983,CLOSED
0.1098768774782352,0.1605856174655805,0.1352312474719079,0.0318451387369429,0.0035951605672714,0.0034029282472814,0.0319862143824701,0.0047802078998835,0.0054928440741072,CLOSED
0.1249879281160972,0.2349669528898476,0.1799774405029724,0.0313627319150001,0.0040732519422706,0.0037666738219623,0.032532915404087,0.0070342250104035,0.0082540949918395,CLOSED
0.1083408981832213,0.1769039290784151,0.1426224136308182,0.032031043055844,0.0035364892849366,0.0034040546638945,0.032381833188635,0.005075222350975,0.0063817246926877,CLOSED
0.1148875828834827,0.1525800739401895,0.1337338284118361,0.0328103095306216,0.0039398456066715,0.0035991487045924,0.033841881313844,0.0047449548093735,0.0055822386969093,CLOSED
0.1345278741075696,0.1900031350565411,0.1622655045820553,0.0339047243712928,0.004826863550669,0.0042953974330772,0.0334456647990211,0.0061515271129447,0.0065580352187837,CLOSED
0.1349054273635014,0.1381704680795855,0.1365379477215434,0.0349745811389907,0.0048928831618671,0.0045436384689628,0.033708013860665,0.0044498729063148,0.0048650312000076,CLOSED
0.1474439568641147,0.1267938444204083,0.1371189006422615,0.0349060941589256,0.0053624782095641,0.0049309070733625,0.0344396736676762,0.0041719798353907,0.0045614974144271,CLOSED
0.0962960173323902,0.1432578691463956,0.1197769432393929,0.0351128715719778,0.0034776326827273,0.0032848266962429,0.0343708250970659,0.0045850870379349,0.0052626952904833,CLOSED
0.1134412237670148,0.1024309302067004,0.1079360769868576,0.0346631322858132,0.0039438354316391,0.0039206208605619,0.0340000518663922,0.0032351112623268,0.0037302026171743,CLOSED
0.105439629530611,0.1528652255390628,0.1291524275348369,0.0343855648042411,0.0036931848795112,0.0035580175488087,0.0345665328496249,0.0049643931142387,0.0056036485660839,CLOSED
0.1420432045104157,0.1480456530664201,0.1450444287884179,0.0341978238992188,0.0050654920040977,0.0046496449837581,0.0323804581795629,0.0045629933760807,0.0050245787794858,CLOSED
0.2150545742035799,0.2385390718835232,0.2267968230435516,0.0346263755129119,0.0077619686508546,0.0071311522334303,0.0308533042427338,0.0069662658053398,0.0077531713118636,CLOSED
0.1147884905186315,0.2715066084852133,0.1931475495019224,0.0346087734368539,0.003966379604192,0.0039789981188435,0.0286554141096746,0.0073493976784288,0.0082108709208853,CLOSED
0.1403463717310889,0.2222381498927106,0.1812922608118998,0.0341922348104935,0.0049715273109589,0.0046259848831014,0.0297384356209513,0.0061739015554553,0.007044128270752,CLOSED
0.1057355072605151,0.2151824540777017,0.1604589806691084,0.0326394284908241,0.0037987017448739,0.0031035913114672,0.0329395807957207,0.0065167355352786,0.0076593041285491,CLOSED
0.2141062237502244,0.2542646047018466,0.2341854142260355,0.0318062039761217,0.0073178311110258,0.0063019813392876,0.0338441002104579,0.0080558970826843,0.0091548164403192,CLOSED
0.2604235828990073,0.2170222972703798,0.2387229400846935,0.0307282633924987,0.0086689276567012,0.0073358012411765,0.0338468014270377,0.0069577177732537,0.0077333034286464,CLOSED
0.3200672970849868,0.3074772987359861,0.3137722979104864,0.030480583991459,0.0105555167462997,0.0089561595171366,0.0346984857525116,0.0104629336483815,0.0108750596904412,CLOSED
0.338936696966415,0.3266772594558033,0.3328069782111091,0.0304676218661609,0.0111887833432052,0.0094644068962714,0.0346887604743065,0.0111014277586432,0.0115626306526873,CLOSED
0.3258916579584325,0.3262951806434948,0.3260934193009637,0.0297496183797539,0.0106011666833387,0.0087891382314785,0.034408889917202,0.0108759816680726,0.0115789282344784,CLOSED
0.2888060230371311,0.3045903311970241,0.2966981771170776,0.0315207669284213,0.0096469157003205,0.0085598589790348,0.0341189455102817,0.0098657325317128,0.010918869294427,CLOSED
0.2739077638939281,0.2715918307910036,0.2727497973424658,0.0308116878357164,0.008926957303396,0.0079521637303616,0.0326600463460838,0.0083108599731661,0.0094295435885377,CLOSED
0.2246105525302516,0.2853596408516606,0.2549850966909561,0.0317516137702034,0.0073876434207094,0.0068758516045956,0.0321918386145486,0.008623962049189,0.0097485409616154,CLOSED
0.2088652132485751,0.2968406239363624,0.2528529185924688,0.0325888643311008,0.0070531546893151,0.0065602055067733,0.0306997318317245,0.0084187044575343,0.0098071506456819,CLOSED
0.2538141298582687,0.2916722188914077,0.2727431743748382,0.0329717005632841,0.0085504186961711,0.0081869482806635,0.0296153771456572,0.0079702974136118,0.0093056681171476,CLOSED
0.2537209856534824,0.3094157100981551,0.2815683478758188,0.0329355170746425,0.0086628191676384,0.0080500445427323,0.0286368758322697,0.0081993820660567,0.0095220164752121,CLOSED
0.2647537764125898,0.3241578173388397,0.2944557968757147,0.0325303531540575,0.0087697769097836,0.0084552907813602,0.0283849140604826,0.0086874639023583,0.0097149196720348,CLOSED
0.2768220216095903,0.3174619759313246,0.2971419987704575,0.032730338922437,0.0092727711791873,0.0088481859977648,0.0286916206891297,0.0085265551753408,0.0096904420179455,CLOSED
0.2652693314845295,0.3159972883041039,0.2906333098943167,0.0320686384113855,0.0086953409946052,0.0083183115514094,0.0286462774735802,0.0084998625496534,0.0096044294536631,CLOSED
0.2223729219028248,0.3171910477746723,0.2697819848387485,0.0330347824603552,0.0074995498624116,0.0071925323378551,0.0288004137476274,0.0085821775277935,0.0096882892981144,CLOSED
0.1762655706170109,0.1874512186797901,0.1818583946484005,0.0338123007823078,0.0061848341265544,0.0057350548559805,0.0292860016578794,0.0049053033647324,0.0060740900373232,CLOSED
0.1439937982322039,0.2049166963639722,0.1744552472980881,0.0333381802480149,0.0048610513744226,0.0047399310257003,0.0293577668411361,0.0053732151082153,0.0066585780792033,CLOSED
0.1584806821459674,0.2270184335409175,0.1927495578434424,0.0338800929573272,0.0054633309694366,0.0052753495166553,0.0295109914431633,0.0060387404501645,0.0073603376491681,CLOSED
0.1506311782599578,0.2354237891262967,0.1930274836931273,0.0342517200729765,0.005300386775338,0.0050183671287073,0.0297455028137072,0.0063916046067542,0.0076139933569854,CLOSED
0.1614724739796394,0.2407096048366952,0.2010910394081673,0.0338937741435528,0.0056597016298076,0.0052861214971255,0.0296723746525076,0.0065497463498199,0.007735104804523,CLOSED
0.1581154849945136,0.201700037966603,0.1799077614805583,0.0339309971083271,0.0054742188508867,0.0052558132773744,0.0290601477021504,0.0051702832649784,0.0065525825246992,CLOSED
0.2131777335120583,0.1941901735809049,0.2036839535464816,0.0328994374269674,0.0071573742437856,0.0068694807652197,0.029709805448462,0.0052401343916956,0.0062985701624878,CLOSED
0.1573980101091649,0.1715840494091253,0.1644910297591451,0.0320110650095923,0.0053034768018018,0.004773479066168,0.0308080769222889,0.0047478430171531,0.0058245061685152,CLOSED
0.1435963695943859,0.2847940237666844,0.2141951966805352,0.0308638952621944,0.0048396402514563,0.0040242463709286,0.0308130178301964,0.0081607102548922,0.0093900164096202,CLOSED
0.1642144808622197,0.1919100824785267,0.1780622816703732,0.0304095071927805,0.0054174072496256,0.0045699556242511,0.0319282470666845,0.0057489920465602,0.0065057130093641,CLOSED
0.1115865215515889,0.1731649748364024,0.1423757481939956,0.0308207683249375,0.0038586079293352,0.0030197567285191,0.0327315290274778,0.0054529997786438,0.0058829090221564,CLOSED
0.1077837157149129,0.1569419314145805,0.1323628235647467,0.0297774874946558,0.0037328294389702,0.0026862270546865,0.0336552349181237,0.0051129663156653,0.0054508688248582,CLOSED
0.0985906236317944,0.1244300721028131,0.1115103478673038,0.029105279572234,0.0034400963683824,0.0022989189596261,0.0322876005460016,0.0037745425527569,0.0042605543751746,CLOSED
0.1387150247298275,0.2192088151635424,0.178961919946685,0.0284743508696236,0.004391517616527,0.0035081229535641,0.0330858295282338,0.0069477082252522,0.0075577027539219,CLOSED
0.0955633733770788,0.1800773422581312,0.137820357817605,0.0284957565130314,0.003166289438305,0.0022800118003292,0.0317699234234093,0.0054874611026924,0.0059546256449713,CLOSED
0.1289467693008719,0.2429457510568895,0.1859462601788807,0.0270990701601499,0.0040092881134119,0.002979386983006,0.0308355427780247,0.0073424382768414,0.0076402899220666,CLOSED
0.0857348563683862,0.1730912649998192,0.1294130606841027,0.0271492357677426,0.0027410332799177,0.0019142383782,0.0308387005680356,0.0051691054689627,0.0055067139155811,CLOSED
0.0756445118345582,0.1536374865817052,0.1146409992081317,0.0269515361516977,0.0023459195893823,0.0017315520013909,0.0313908681808706,0.0046293505835222,0.0050162775943309,CLOSED
0.1594507005968538,0.208858604321201,0.1841546524590274,0.0257257409487109,0.0045126328050823,0.0036913420302079,0.0310957740554145,0.00621061944327,0.0067786204957325,CLOSED
0.2260737711945356,0.1799668677161415,0.2030203194553385,0.0240039073054883,0.005784820432188,0.0050684872637235,0.0307214889308435,0.0054510645216109,0.0056066357473091,CLOSED
0.1645081887343032,0.1797068399445204,0.1721075143394118,0.0227296459923996,0.0040775624947127,0.0034008632908503,0.0303618224552654,0.0053520750156833,0.0055603793211013,CLOSED
0.225627801684912,0.2168303815873592,0.2212290916361356,0.0221565888833988,0.0051933573086671,0.0048049275765281,0.0301135128997238,0.0065132192690253,0.0065458297169406,CLOSED
0.1775328193677162,0.1586113070248069,0.1680720631962615,0.0209137824016784,0.0039549898339562,0.0034707756728695,0.0297957623686372,0.0047166348294554,0.0047352547967247,CLOSED
0.1314537370162795,0.086112157956712,0.1087829474864957,0.0205769732878113,0.0028999905227308,0.0025098495476031,0.0284453786866697,0.0023609130203734,0.0025380728648365,CLOSED
0.1472825551598149,0.0901015484835326,0.1186920518216737,0.0209662464901564,0.0034357974891489,0.0027401272212125,0.0283016211624701,0.002493211868734,0.0026068279139317,CLOSED
0.1249957226114284,0.0987039250567059,0.1118498238340671,0.0217333013603323,0.0030123688210106,0.0024207705955227,0.028885523877454,0.0027182953886603,0.0029839337793874,CLOSED
0.1159791921459732,0.1062892699848848,0.111134231065429,0.0212654477702644,0.0027729615227158,0.0021597373833194,0.0285917044710012,0.0029894644820231,0.0030885183096694,CLOSED
0.1559119058640016,0.1160485408717858,0.1359802233678937,0.0209625028903015,0.0034905158368578,0.0030460917177552,0.0283694919561639,0.0032671266817996,0.0033173496117737,CLOSED
0.138682227853934,0.15786755860517,0.148274893229552,0.0202665988087339,0.0030524953024916,0.0025687388451425,0.0288328493069288,0.0045001642144272,0.0046033788410039,CLOSED
0.1186789491978698,0.1808651385122889,0.1497720438550794,0.0198223550580402,0.0025380783792173,0.0021669141586132,0.0293056499169725,0.00523407350241,0.0053666673604417,CLOSED
0.0889618651813984,0.1837034515575634,0.1363326583694809,0.0198448948868627,0.0017979717493713,0.0017329059775568,0.0292227406903651,0.005269763186278,0.0054668734713054,CLOSED
0.0871425501134369,0.1520802885247059,0.1196114193190714,0.0198995403838783,0.001815468190306,0.0016527251999669,0.0297374171088164,0.0043970568411292,0.0046478931066473,CLOSED
0.0985113331408729,0.1669356917070684,0.1327235124239707,0.0200860103394027,0.0020864318829215,0.0018709674291102,0.02862000774035,0.0047150809823864,0.0048403205952074,CLOSED
0.1032221811463706,0.1965902569576401,0.1499062190520054,0.0203635137472642,0.0022119903750107,0.0019919422345827,0.0288747337981497,0.0055988510771543,0.0057541315967691,CLOSED
0.0889418758393985,0.1451721418903607,0.1170570088648796,0.0205957682043642,0.0019355982942604,0.0017280542226387,0.0286316979682979,0.0041150123342171,0.0041980375058142,CLOSED
0.1609768495046538,0.078922883726957,0.1199498666158054,0.0225623642497606,0.0039582480198431,0.0033057886087626,0.0290943064733899,0.0021332681496802,0.0024591449841513,CLOSED
0.1017151251200968,0.1411300618209771,0.1214225934705369,0.0236081419572284,0.0026932076066716,0.0021094026193933,0.0279097678539797,0.0038236351299582,0.0040541793953243,CLOSED
0.1363783482604501,0.1313239809270874,0.1338511645937687,0.0241964822615442,0.0035733140465324,0.0030264385225529,0.0272234002745666,0.0034641721234223,0.0036859984734329,CLOSED
0.1954027718239332,0.1414792591471907,0.168441015485562,0.0234642162587759,0.0051714961879643,0.0039984496033177,0.0269430507476016,0.0036556420250438,0.0039681236928278,CLOSED
0.1468713926080907,0.1440102825430531,0.1454408375755719,0.0238059864229147,0.0038875987770916,0.0031052379795938,0.0267301331220178,0.0036407358760253,0.0040580921706051,CLOSED
0.1498687436517892,0.1396174850405535,0.1447431143461713,0.0234979509177117,0.0039712059035501,0.0030720108613075,0.025390342776786,0.0033658571912942,0.0037240144143306,CLOSED
0.1854987560630637,0.1922533368410296,0.1888760464520467,0.0241606580497907,0.0048844281451286,0.0040791158826738,0.0248989534555399,0.0044008071991482,0.0051730065722057,CLOSED
0.1457819060423723,0.1729728415970957,0.159377373819734,0.0248070437575938,0.0038410383139756,0.0033917979305414,0.0254393286035942,0.0040017136200591,0.0047989122937127,CLOSED
0.1555925050984311,0.1827402197510257,0.1691663624247284,0.024650575552345,0.0040935379863196,0.0035773516182953,0.0250052297200708,0.0041418060758574,0.0049971162720838,CLOSED
0.1292589984504447,0.15339187262485,0.1413254355376474,0.0247897084049803,0.0034454959127064,0.0029630898479062,0.0250082576419971,0.0033614336471953,0.0043106932943859,CLOSED
0.1180343471594521,0.1751608029353421,0.1465975750473971,0.0247978221926845,0.0031332024542403,0.002720787052739,0.0252207645526377,0.0038868140930237,0.0049485646463426,CLOSED
0.1107208790096392,0.1559526229414924,0.1333367509755658,0.0245156478064209,0.0029333716741657,0.0024954164750696,0.0254404259195304,0.0034968476357458,0.0044381546660531,CLOSED
0.1446904656055837,0.151461528480874,0.1480759970432289,0.0244546982508788,0.0038090655452862,0.0032676578070411,0.0249100694033435,0.003349007709684,0.004196826663106,CLOSED
0.1559803425868935,0.1535617332099032,0.1547710378983983,0.0245120937194551,0.0040285821242556,0.0036182274275096,0.0245134313105808,0.0033401753282304,0.0041884746697189,CLOSED
0.1638854532835976,0.1600285687036544,0.161957010993626,0.0242046570321378,0.0041431463796252,0.0037904359989465,0.0238670405115275,0.0034316047525517,0.0042072119119519,CLOSED
0.1408093369192793,0.1836676882898972,0.1622385126045882,0.0238947322873565,0.0035206315434532,0.0032085712750394,0.0239340566530827,0.0039365107305857,0.0048553149831565,CLOSED
0.1452804613899586,0.1777188109950152,0.1614996361924869,0.0240660786704018,0.0036505646212454,0.0033420974049206,0.02402883060857,0.0038212052206767,0.0047195451900346,CLOSED
0.1550127149038078,0.2156517389059186,0.1853322269048632,0.0243748851220416,0.0039636397226878,0.0035931945137844,0.0234516942202525,0.0045714875423247,0.0055433097354499,CLOSED
0.127429559903455,0.2295503694096478,0.1784899646565514,0.0243988787682721,0.003279410168635,0.0029388665985223,0.0237809781267512,0.005000795772688,0.0059170688551489,CLOSED
0.1498127548171946,0.1855581363455583,0.1676854455813765,0.0252408856322704,0.0038551906079281,0.0037076226132641,0.0240249415763657,0.0040091726977258,0.0049068740717168,CLOSED
0.1599115267401325,0.193151745535306,0.1765316361377192,0.0250306434501003,0.004193934772191,0.0038114420465958,0.0248617117962526,0.0043893920320772,0.0052147740288065,CLOSED
0.2597212063479985,0.185913020433636,0.2228171133908172,0.0251881414307982,0.0068281758340094,0.0062556131221323,0.0251969869120542,0.004254569634721,0.0051143262505725,CLOSED
0.2313935903778847,0.196180642264947,0.2137871163214158,0.0256971187525718,0.0061904408786802,0.0057018562623686,0.0266867841293074,0.0047602823182382,0.0057105785827087,CLOSED
0.186536134416926,0.2198168934056175,0.2031765139112717,0.0274238691184976,0.0053068820618843,0.0049242030103561,0.0261762190686068,0.0051395253747797,0.0063684249387523,CLOSED
0.1553386543882591,0.1669101587375235,0.1611244065628913,0.0279199999657649,0.0045215240749662,0.0041525863754381,0.0272116540455465,0.0040204438745259,0.0050633591179795,CLOSED
0.2478535068693566,0.2224648477457868,0.2351591773075717,0.028279298682929,0.0072454842102552,0.0067727624904846,0.0271752860619116,0.0055039555734484,0.0065871361789742,CLOSED
0.1101892767246991,0.1601532979259107,0.1351712873253049,0.0303662848440943,0.0035353454558344,0.0031567324717394,0.0286498988659158,0.0042680134700263,0.0049087381072141,CLOSED
0.198268981496804,0.246170206199817,0.2222195938483105,0.0302128090242991,0.0061828233337361,0.0057977024130742,0.0295560222559122,0.0066790803443414,0.0078725438420271,CLOSED
0.2379678316976297,0.2472047173399433,0.2425862745187865,0.0308011163758749,0.0076636852855462,0.0069956644701204,0.0306171231436536,0.0069089243766315,0.0082284701683467,CLOSED
0.3005203223933305,0.3767061990667392,0.3386132607300348,0.0311249911736335,0.009579560193927,0.0091278245700527,0.0305181482563788,0.0107195811147145,0.0122731701497169,CLOSED
0.3236826872811001,0.3345456504216484,0.3291141688513743,0.031043595828368,0.0101887788622384,0.0099077701789505,0.0311550241405862,0.0096097826546118,0.0112357729754173,CLOSED
0.3405762020035934,0.3341613715933805,0.337368786798487,0.0315621682638589,0.010996748703646,0.0105018980849607,0.031272473777207,0.0096590246711878,0.0112410807898312,CLOSED
0.3267240040370723,0.3489178332838702,0.3378209186604713,0.0331390067395299,0.0112174617813555,0.0104371561621459,0.0311943534052681,0.0101749404508513,0.0115935919508635,CLOSED
0.3165736081922663,0.3163447704131781,0.3164591893027222,0.0327572677540565,0.0107592943308904,0.0099808785639532,0.0314304765901577,0.0091929467745365,0.0106927870272438,CLOSED
0.2945245914575582,0.3044634927400645,0.2994940420988114,0.032622098558224,0.0099727743549494,0.0092432461457488,0.0317040600787129,0.0088336422164382,0.0104718155147733,CLOSED
0.2832151528063593,0.3388403846587667,0.311027768732563,0.0328074878708009,0.0095215188532753,0.0090616365277679,0.0307569707035424,0.0096728934870222,0.0111705140812312,CLOSED
0.2727237631997491,0.3345862226466809,0.303654992923215,0.0333628313998592,0.0094659480073591,0.0087317258533775,0.0310534175249331,0.0095545624342777,0.0112255289055974,CLOSED
0.2627283743581204,0.3738398958236911,0.3182841350909058,0.0336723021246144,0.0091887920351544,0.0085045463610364,0.0309588626648983,0.0107269529319624,0.0124203630549687,CLOSED
0.2947666818427312,0.3782470227373182,0.3365068522900247,0.0334805270438582,0.0102058308130141,0.0095320569131137,0.0305693004948782,0.010785523421156,0.0123399703775441,CLOSED
0.2909824117842064,0.3565837471568751,0.3237830794705407,0.0334719691447223,0.0099840630946091,0.0094954455231865,0.0299834747710265,0.0099402394702687,0.0114430001030038,CLOSED
0.304680255964968,0.3465984660903779,0.325639361027673,0.0340283619190588,0.0107019092702219,0.0100336307689129,0.0300891161677353,0.009749218915122,0.0111084641043825,CLOSED
0.2949717330307226,0.3744522076305939,0.3347119703306582,0.0336270863560574,0.0101242124756742,0.0097138674027658,0.0302082116810908,0.0106081795695343,0.0120148835355791,CLOSED
0.3123372221359042,0.3637136304387235,0.3380254262873139,0.0334604489065221,0.0106535311620993,0.0102483561636675,0.0299492369743994,0.0102374349439065,0.0115484564737504,CLOSED
0.3274064395811876,0.3587648257475362,0.3430856326643619,0.0338977868655032,0.0112755643112151,0.0109211431034175,0.0296670033140244,0.0099707989910156,0.0113161555577994,CLOSED
0.3189487535244497,0.3763856179891121,0.3476671857567809,0.0337093290493236,0.0109359863350244,0.0105671106298301,0.0297870589686168,0.0105158980902608,0.0119069431057011,CLOSED
0.2861165033777562,0.3314213271856739,0.3087689152817151,0.0345126242766738,0.0101852312127653,0.009564031548099,0.0306021823133097,0.0094390011797335,0.0108454305743765,CLOSED
0.1806694072809301,0.2209520655841203,0.2008107364325252,0.0355054269554203,0.0065506545056184,0.0062788343809658,0.0311271136950641,0.0063256634790173,0.0074295366541749,CLOSED
0.1797093699647242,0.2090598238907322,0.1943845969277282,0.0344453105465786,0.0063443973540758,0.006035892759054,0.0307407063469031,0.0058405169381908,0.0070127763721297,CLOSED
0.2108200324457081,0.2463418581952367,0.2285809453204724,0.0331447048136041,0.0071617700862559,0.0068133654021589,0.0301725201282064,0.006849035704835,0.008016473644796,CLOSED
0.2991820777288398,0.3518255639995333,0.3255038208641866,0.0321002541256451,0.0099106846550253,0.0092969567948431,0.0287333731684037,0.0094694482940815,0.0107488221470838,CLOSED
0.3068203224284168,0.3682894954919541,0.3375549089601855,0.0324096024841883,0.0102663662384813,0.0096214831294696,0.0285933997916591,0.0098131680965985,0.0112481294707412,CLOSED
0.361196022509843,0.3669959193565372,0.3640959709331901,0.0326617075049417,0.0120826500530677,0.0115119076252619,0.0290333818097175,0.0100999322725622,0.0112103330260111,CLOSED
0.3307416622450124,0.3197498567257916,0.325245759485402,0.0330782371639051,0.0111982735617146,0.0106824287257348,0.028800909107942,0.0086666993539529,0.0097514737677211,CLOSED
0.3248704346430379,0.3149190112078512,0.3198947229254446,0.0326666248219389,0.0107296171604787,0.01049522404797,0.0287282914364712,0.0085474464075867,0.0095467238581422,CLOSED
0.3539203563820658,0.3149759010526473,0.3344481287173566,0.0335912665115472,0.0120485590551152,0.0117287069750682,0.0290362561855259,0.008682814700634,0.009608627209829,CLOSED
0.3307090591150584,0.3546736348877441,0.3426913470014013,0.0336598624883119,0.0113212280163743,0.0109420148905294,0.0286298453331593,0.0097111077532139,0.0105973948679571,CLOSED
0.3371136315581285,0.3512501466602596,0.3441818891091941,0.0333427621962478,0.0113925839997708,0.0110880153005415,0.0292135911447751,0.0097436663051104,0.0107788900430398,CLOSED
0.3418943178066693,0.3618317399291283,0.3518630288678988,0.0329137306355028,0.0113704322306903,0.0111356027335051,0.0289804046217543,0.0100020539525138,0.0109700065037652,CLOSED
0.2275762718771646,0.2578665204884216,0.2427213961827931,0.033059271161078,0.0075993525729661,0.0074476587906626,0.0285390991208602,0.0067779780150043,0.0079405783613364,CLOSED
0.1731499466880838,0.2042819642333319,0.1887159554607079,0.0334024595860337,0.0058745958118427,0.0056926723813024,0.028486175447613,0.0052474215404086,0.0063910022074587,CLOSED
0.1662015225236103,0.2252083604086978,0.195704941466154,0.0322365109267172,0.0054446139883339,0.0052709004054048,0.0284125915486933,0.0058240079546665,0.00697349836062,CLOSED
0.198993399943576,0.2088809699426504,0.2039371849431132,0.0324385475910358,0.006489660329431,0.0064204534193124,0.0285839341077583,0.0054080494450117,0.0065332303173989,CLOSED
0.2161698515916938,0.2746571685402107,0.2454135100659522,0.0315261426292491,0.0068846098105808,0.0067453933362658,0.0274313347140271,0.0067877599738344,0.0082806654698325,CLOSED
0.2326177114020794,0.2807714884287865,0.256694599915433,0.0308950484484821,0.0071498916865317,0.0072235792409528,0.0265847233584553,0.0067750750809752,0.0081533896126667,CLOSED
0.1671287407515858,0.3381356201123495,0.2526321804319677,0.0304797043445432,0.0051017018229257,0.0050863673882425,0.0252996488248241,0.0077854083895506,0.0093240164984625,CLOSED
0.2101804064264813,0.2221700156594783,0.2161752110429798,0.0301283808826399,0.006436905722411,0.0062278849553591,0.0242437861131868,0.0048887880215853,0.0058836966592381,CLOSED
0.2232249142371683,0.2218893822151876,0.222557148226178,0.0277647245380391,0.0063750609542074,0.0060204955534373,0.0233601041431933,0.0045970385531518,0.0057696796004794,CLOSED
0.1734074106605521,0.2278243288118191,0.2006158697361856,0.0265592684330807,0.0046811220429983,0.0045300258930398,0.0249781866516675,0.005076790426689,0.0063044867910159,CLOSED
0.207617898385596,0.2089530040645148,0.2082854512250554,0.0255246496883169,0.0054368735018547,0.0051618747487791,0.0250636227956898,0.0046261276938681,0.0058481108579303,CLOSED
0.1292562617141281,0.2251083974194159,0.177182329566772,0.0250054315302051,0.003359382657793,0.0031048345464927,0.0248191824782934,0.0049511875093383,0.006222825276559,CLOSED
0.1220824563540071,0.1586423217572518,0.1403623890556295,0.0248043727810608,0.0031390609982236,0.0029172965166411,0.0251057484162718,0.0034723780792181,0.0044932903572034,CLOSED
0.0931390969394874,0.1371828114251145,0.1151609541823009,0.0248714145185338,0.0023680905650438,0.0022649116106839,0.0249258844177345,0.003006542930303,0.0038322628730614,CLOSED
0.1048699006532893,0.1669274258957228,0.1358986632745061,0.0247184606205064,0.0027163651760038,0.0024680798431456,0.0246533034289295,0.0036698048911441,0.0045608200712906,CLOSED
0.1111411684778096,0.13707845049108,0.1241098094844448,0.0251367502014338,0.0029250845329465,0.0026623710452978,0.0248678954126378,0.0029856877986625,0.0038320173416147,CLOSED
0.123475513455732,0.1424061900919257,0.1329408517738289,0.0248389514148865,0.0032086822813292,0.0029253222779809,0.0246747749823979,0.0030716783478705,0.0039560030453671,CLOSED
0.1644720031332958,0.1387431785868478,0.1516075908600718,0.0248562695231902,0.0042865737525086,0.0038897471252917,0.0244586513491537,0.0029277630576043,0.0038591790066538,CLOSED
0.130515986944293,0.1325338398963681,0.1315249134203305,0.0250265529121993,0.003414205066978,0.0031185254393204,0.0246514953162357,0.0028218383947832,0.0037124762721128,CLOSED
0.1284172632207967,0.1549793092179868,0.1416982862193918,0.0250294951394298,0.0034127051718907,0.0030157333593168,0.0246545929324734,0.0034066205825562,0.0042352829808944,CLOSED
0.1347658910053048,0.1588426184559142,0.1468042547306095,0.0250952722283448,0.0035692850937262,0.0031946883500208,0.0247257282815504,0.0034678885420366,0.0043871103049051,CLOSED
0.1135473625746501,0.1601134864132637,0.1368304244939569,0.0251058768923839,0.0030118241356179,0.0026895880768901,0.0248518126723875,0.0035264970634878,0.0044317236778427,CLOSED
0.1393704803515269,0.149742865759989,0.1445566730557579,0.0249428596121694,0.0036156518098869,0.0033369448410905,0.0247110774765816,0.0032625886947664,0.0041380264199544,CLOSED
0.1238041100688574,0.1764388678195589,0.1501214889442082,0.0250524256538746,0.0032456732287249,0.0029575132975633,0.0246715854395457,0.0038823343718791,0.0048237188326547,CLOSED
0.1344245610276915,0.1666103580297575,0.1505174595287245,0.0245643528955814,0.003476490269065,0.0031276144407706,0.0248651683903738,0.003656650880491,0.0046289383354897,CLOSED
0.150116530116197,0.1629984545840122,0.1565574923501047,0.0245488783375929,0.0038862719141459,0.0034841129544223,0.0244765603725118,0.0035658851185502,0.0044133979099531,CLOSED
0.147971676469151,0.1782487850854274,0.1631102307772892,0.0243296216158094,0.0037987926042786,0.0034013971924241,0.0247039508103729,0.0039295198722457,0.0048773785652725,CLOSED
0.1126149941483807,0.1301338414470915,0.1213744177977361,0.0246343885580602,0.0029938817239312,0.0025545213226985,0.0248984788723114,0.0028400051503934,0.0036402642532928,CLOSED
0.1316088516374316,0.1429908048649441,0.1372998282511878,0.0246207904271404,0.0034531596335373,0.0030274682755062,0.0243872524144879,0.0030843207565049,0.0038899849458794,CLOSED
0.1074252259017188,0.1563113417150952,0.131868283808407,0.0244088287822446,0.0028786740529626,0.0023655738388953,0.0246774544072431,0.0034226125152818,0.0042921195017366,CLOSED
0.1118672175256442,0.1462345465908725,0.1290508820582583,0.0244490588865008,0.003003847321569,0.0024662490559378,0.0248438189884356,0.0032134013350497,0.0040526478756694,CLOSED
0.103812927243871,0.1494304192963529,0.1266216732701119,0.024478930439773,0.002756566308667,0.0023258925408367,0.0249549405863887,0.003307884745137,0.0041501697255422,CLOSED
0.1137393493520619,0.1500223598018554,0.1318808545769587,0.0243519884069123,0.0030016025669468,0.0025379560667155,0.0248501569646989,0.0033458078797885,0.0041103504987927,CLOSED
0.1128552622508236,0.1585869368906655,0.1357210995707445,0.0246648435350896,0.0029846237289623,0.0025824910420937,0.024504185074722,0.0034812546302307,0.0042908326737734,CLOSED
0.1277389213567909,0.1632698031497585,0.1455043622532747,0.0245928647174457,0.0033683062129003,0.0029146258112596,0.0247885928441852,0.0035973324375994,0.0044971249104598,CLOSED
0.1347937169367326,0.1799056607034528,0.1573496888200927,0.0246723458514338,0.0035590575853987,0.0030922968203278,0.024710093542954,0.0040068849523826,0.0048840864573959,CLOSED
0.1371169879314401,0.1474654350482554,0.1422912114898477,0.0248037738432731,0.0036209517485514,0.003181085768893,0.0249663988334066,0.0032873852002172,0.0040759765308958,CLOSED
0.1288018770517394,0.1685010493002363,0.1486514631759878,0.0246850843289495,0.0034232238504121,0.0029357465430862,0.0248286680073845,0.0037596843812944,0.0046076288426485,CLOSED
0.1365098807743208,0.1620523935959693,0.149281137185145,0.0246700749187153,0.0035864663384627,0.003148951633232,0.0249507006875671,0.0035953006835608,0.0044913408530728,CLOSED
0.1294152004407826,0.1753963528046664,0.1524057766227245,0.0250056375046429,0.0033948054703028,0.0030774137093229,0.0248171443534287,0.0039320505923763,0.0047736226208602,CLOSED
0.1084150423594772,0.1739284596810457,0.1411717510202614,0.0249651425642533,0.0029005384410211,0.0025126555362067,0.0247641156880873,0.0039167202355979,0.0046976487583865,CLOSED
0.1079494135103169,0.2122966919771832,0.1601230527437501,0.0246777002799209,0.0028550891768269,0.0024727973671747,0.0244043905856715,0.0046961759298836,0.0056657668522306,CLOSED
0.1069801383734757,0.193471075260435,0.1502256068169554,0.0248771342210584,0.0028801924212328,0.0024425261013759,0.0249537985514995,0.0044210866291816,0.0052345898460001,CLOSED
0.1051339975913903,0.1473930722337087,0.1262635349125495,0.0247670818311604,0.0027366953748044,0.0024710292683615,0.0248701338534204,0.0032401566607332,0.0040912142103051,CLOSED
0.0964885502620019,0.1217780567540521,0.109133303508027,0.0252376846909365,0.0025536014668719,0.002316693748724,0.0256011818617606,0.0027617845660551,0.0034735397894093,CLOSED
0.1601412389610367,0.1383158652782208,0.1492285521196288,0.0250719395479222,0.004357461674956,0.0036726412497649,0.0261403729187123,0.0032720234049569,0.0039592331929371,CLOSED
0.1235653202277276,0.1445846386366714,0.1340749794321995,0.0260346498394106,0.0034790062132383,0.0029549534756086,0.0263513540433374,0.0033674772549774,0.0042525247489084,CLOSED
0.202578320806672,0.1971833880565824,0.1998808544316272,0.0263629082184612,0.0055112520090541,0.0051698553478984,0.0264346866851627,0.0048189997340875,0.0056059624315017,CLOSED
0.1776355257793978,0.2180449369319204,0.1978402313556591,0.0259067775687455,0.0048918155902782,0.0043121125190697,0.0268631131232048,0.0054042432859781,0.0063104883275102,CLOSED
0.2179851519288813,0.141764058267741,0.1798746050983112,0.0272788598698626,0.0061430029557501,0.0057497698706072,0.0291493797106755,0.0037719195033615,0.0044927492241838,CLOSED
0.1106147416687849,0.140920680787455,0.12576771122812,0.0281438299578499,0.0032513672610687,0.0029748776996468,0.0287473811369832,0.0038159222234462,0.0042862788179139,CLOSED
0.177760332625736,0.1633422871237128,0.1705513098747244,0.0288264365638349,0.0053714864739752,0.0048769074300287,0.0297353969046545,0.0044669504804253,0.0052471449974499,CLOSED
0.1360134400215859,0.1457198667922197,0.1408666534069028,0.0294350903221578,0.0043089995956714,0.0036981361884541,0.0305727550060113,0.0040372758171823,0.0048728397567119,CLOSED
0.1780759264375987,0.2125123377058933,0.195294132071746,0.0301770094995193,0.0057222384719058,0.0050253593755803,0.0306235167348882,0.0061075346066517,0.0069082156535615,CLOSED
0.168138261338053,0.2055209907541492,0.1868296260461011,0.0316786612037655,0.0055187575093,0.0051340325233366,0.0309490134023683,0.0060415942562122,0.0066797495384241,CLOSED
0.1875058706054081,0.164968120375412,0.17623699549041,0.0306681141058567,0.0061252699036703,0.0053756329668189,0.030472792321274,0.0047638539543891,0.0052902245892725,CLOSED
0.1673022609591252,0.1787107816858883,0.1730065213225067,0.0307964401822934,0.0055350101112233,0.0047696180327569,0.0315528384543443,0.005274750418962,0.0060029144302068,CLOSED
0.1662056222032789,0.1987255622157252,0.182465592209502,0.0314027546261826,0.0056724359385013,0.0047661928045817,0.0319774993500927,0.0059055782522326,0.0068039148209676,CLOSED
0.1860241146666242,0.2315526744466112,0.2087883945566177,0.0310095130641731,0.0062239815998346,0.0053130528281771,0.0322921082691092,0.0069741716846897,0.0079804763817737,CLOSED
0.1446229056842178,0.2172179265866231,0.1809204161354204,0.0313981612746904,0.0049361460269224,0.0041456406064523,0.0323523221078878,0.0065910557658725,0.0074639528912034,CLOSED
0.1369154208251058,0.2327309630863293,0.1848231919557176,0.0314552209457686,0.0047371213263253,0.0038762882995478,0.0324355937736276,0.0070236693363563,0.0080738646180702,CLOSED
0.1459056507634505,0.2194022777208987,0.1826539642421746,0.0312409207272775,0.0048912923855162,0.0042251613528093,0.0324189676692197,0.0065498988859836,0.0076756918099903,CLOSED
0.1519571349162187,0.2047871596470665,0.1783721472816426,0.0310890448810912,0.0051364667113622,0.0043119376634625,0.032213619943043,0.0061119780060962,0.0070818934540754,CLOSED
0.1689186547983028,0.2043403259605908,0.1866294903794468,0.0313029673277645,0.0056535216491584,0.004921788615244,0.031925505049462,0.0060222620889862,0.0070250741275408,CLOSED
0.1742210782082554,0.2233517897835266,0.198786433995891,0.0314130480751106,0.0058038639604859,0.0051417662504211,0.0320510668851268,0.0066728825672249,0.0076444437393042,CLOSED
0.1545076858473395,0.2162904003889516,0.1853990431181456,0.0309687776500249,0.0051543658181449,0.0044154625183073,0.0320346512626768,0.0063854886827553,0.0074720864130942,CLOSED
0.1894349468069589,0.2243738226901411,0.20690438474855,0.0310936354801248,0.0062887877308574,0.0054916546355674,0.0319317247262472,0.0065890138225246,0.0077402724613101,CLOSED
0.1652305792204743,0.2198184231669179,0.1925245011936961,0.0311021959256643,0.0054496945865673,0.004828373109085,0.0318313773950488,0.0064502393430902,0.0075440070293312,CLOSED
0.1783348664003441,0.2395594616300789,0.2089471640152115,0.0312945821053566,0.0059398397507087,0.0052219904869179,0.0319226880394531,0.0070691680178425,0.0082255959031901,CLOSED
0.1661187124741642,0.2336711610227897,0.1998949367484769,0.0308863183491949,0.0054888503028282,0.0047727405716426,0.0314554003767205,0.0068464064580441,0.0078540333948858,CLOSED
0.1529765438440472,0.2443828888128135,0.1986797163284303,0.0312436886838064,0.0050954968574522,0.0044636061661238,0.0315098448565255,0.0071833493177417,0.0082175845064207,CLOSED
0.1511004186270726,0.2495419275126457,0.2003211730698592,0.0320372878538031,0.0051530046210547,0.0045286905917166,0.0318641141650302,0.0074738542256971,0.0084290107087521,CLOSED
0.1547118387096608,0.2672797751955174,0.2109958069525891,0.0318129076367422,0.005229063007569,0.0046146038627929,0.0317974680372055,0.0079919608176192,0.0090056793999226,CLOSED
0.1874647455035222,0.2784202433080424,0.2329424944057823,0.0315515214873237,0.006234811761383,0.005594784130357,0.0315834219626136,0.0082688143322599,0.0093181137224029,CLOSED
0.2365555866598037,0.2966853607569695,0.2666204737083866,0.031093896303748,0.0077282572995534,0.0069826124637909,0.0313513392881295,0.0087040754358156,0.00989889137801,CLOSED
0.2762900672125338,0.2986554448181495,0.2874727560153416,0.0314503599840833,0.0089999579309729,0.0083788862167485,0.0310747693019723,0.0086857816396239,0.0098755164573799,CLOSED
0.2911905981209382,0.3100842374135633,0.3006374177672507,0.0313297594562975,0.0094738275310416,0.0087720352590871,0.0312537268547838,0.009147743875893,0.0102348322403018,CLOSED
0.2987645015187796,0.3112647205276773,0.3050146110232284,0.0312764683298142,0.0097062560978093,0.0089823408418402,0.0311112515737515,0.0091450703397865,0.0102225997129535,CLOSED
0.2505850475725567,0.2928871555559952,0.2717361015642759,0.0313344869020148,0.0081906401895262,0.0075132675924798,0.0313884971925528,0.0086457539955487,0.0097408213242595,CLOSED
0.1752902988549292,0.2011095655849612,0.1881999322199452,0.0318843924248821,0.0057818658784948,0.005396183475436,0.0320164785333846,0.0059060173769015,0.0069716228019169,CLOSED
0.1298555608252658,0.1729359813436744,0.1513957710844701,0.0321000620035136,0.0042819056953929,0.0040548374125911,0.0324662600990415,0.0051417631144481,0.0060874059871253,CLOSED
0.1279047822039031,0.1585265501426088,0.143215666173256,0.031573028752407,0.0042210469629217,0.0038556357692665,0.0323726100525896,0.0046506934947536,0.0056131428867442,CLOSED
0.1347074487628008,0.1859892376530764,0.1603483432079386,0.0319132536999371,0.0044888509686787,0.0041090550065983,0.0318688629506289,0.0053700075202667,0.0064845235298489,CLOSED
0.1392016550135553,0.191134262388599,0.1651679587010772,0.0315271986916059,0.0046034137607947,0.0041738627108306,0.031555973035374,0.0055592153953023,0.0065036398648391,CLOSED
0.1228384613372337,0.2022071025114451,0.1625227819243394,0.0310293565716303,0.0039854557385015,0.0036377410965853,0.0303717773924962,0.0057322998313348,0.0065504783779836,CLOSED
0.1423909562066555,0.2052309275084056,0.1738109418575305,0.0306393423079822,0.0045912916919164,0.0041342388056368,0.0293473532574762,0.0056698555419633,0.0063761135159339,CLOSED
0.1030229725156293,0.1852627994755492,0.1441428859955893,0.0305179841244158,0.0033589997701132,0.0029291071092509,0.0284044515558029,0.0048483797166605,0.0056761967089307,CLOSED
0.1470534861580511,0.2696641244382003,0.2083588052981257,0.0295086635223434,0.0043164859565573,0.0043622177290937,0.0289685037204086,0.0073324726044311,0.0082910597796663,CLOSED
0.175034689366834,0.2288271296798925,0.2019309095233633,0.0289560270790982,0.0051812419745141,0.004955376435661,0.0287272190644305,0.006141965741819,0.0070051684225792,CLOSED
0.1411641781061354,0.1615492924507419,0.1513567352784386,0.0281799140184997,0.004074480396167,0.0038815084068791,0.0278049412527754,0.0040957629815082,0.0048879741905323,CLOSED
0.2238097631629411,0.2860152696784769,0.254912516420709,0.027722468275681,0.0063233782731421,0.0060857398450025,0.0261759524252621,0.0069019784758718,0.0080714657081327,CLOSED
0.1659583955163277,0.1768360707725935,0.1713972331444606,0.027749627474138,0.004677377076895,0.0045331902266724,0.0265884806778019,0.0042420509525685,0.0051615539491825,CLOSED
0.1690798674934782,0.1985957014026991,0.1838377844480887,0.0272088062281879,0.0046793023504054,0.0045216203530299,0.0264394348906405,0.004751659844184,0.0057498563894114,CLOSED
0.1700616438753202,0.237454305184296,0.2037579745298081,0.0266357389770945,0.0045876804247079,0.0044717546878493,0.0252935797685427,0.0054597920820272,0.0065523467370985,CLOSED
0.1308308359669453,0.2403981947927127,0.185614515379829,0.0261116230549549,0.0035215523654357,0.0033108585800313,0.0254022792846736,0.0056479169526716,0.00656540721464,CLOSED
0.1735270054325566,0.2610488333774983,0.2172879194050274,0.0258097030464077,0.0046402868967485,0.0043170740647447,0.0254786996637588,0.0061677049393299,0.0071346647070698,CLOSED
0.1545792204957831,0.1818760873294229,0.168227653912603,0.0255381282396738,0.0040424166337894,0.0038529112786307,0.0254612108420047,0.0042013852360349,0.0050601855771916,CLOSED
0.1633614328034595,0.1371405488101132,0.1502509908067864,0.0251351392432934,0.0042338326987875,0.0039783920222101,0.0253115707072943,0.0031009222642125,0.003841563131876,CLOSED
0.1093910789704892,0.154113582457309,0.1317523307138991,0.0257654570225644,0.0029279357363487,0.0027090865513834,0.0251583422321856,0.0034971304366288,0.0042573540635494,CLOSED
0.0909002732357113,0.1422190709913506,0.116559672113531,0.0254839984707673,0.0024753701019605,0.0021576347463018,0.0251963839362285,0.0031934296648373,0.0039733829666662,CLOSED
0.1134712187482862,0.1623952104514702,0.1379332145998782,0.0250303542057653,0.003018328952545,0.0026621206423138,0.0250098126273879,0.0036455957291196,0.0044773518408333,CLOSED
0.112821007795619,0.1729677875912081,0.1428943976934136,0.0252190896166876,0.0029377703440775,0.0027527158684079,0.0247282526794659,0.0038282400391062,0.0047261422748209,CLOSED
0.1102046287234571,0.1579913306986564,0.1340979797110567,0.0252761600324345,0.0029450116697148,0.0026260879941433,0.025061560018322,0.0035455325684257,0.0043734858649321,CLOSED
0.167694760030986,0.155664394795931,0.1616795774134585,0.0247060434832732,0.0043633020463655,0.0039228460201196,0.0252450563015941,0.0034879073783846,0.004371605443169,CLOSED
0.15778237557849,0.1593525288252266,0.1585674522018583,0.0247780997069551,0.0041196824132373,0.0036994124549307,0.0250100559115316,0.0035446128141421,0.0044262184969835,CLOSED
0.1418966103935014,0.1478765024979369,0.1448865564457191,0.024728347340724,0.0036968520569728,0.0033208852795909,0.0250459676140991,0.0031651338600641,0.0042422863248349,CLOSED
0.1209151129629936,0.1678595703031803,0.144387341633087,0.024637897348142,0.0031841910590497,0.0027739972229927,0.0247299199948654,0.0036470130493986,0.0046552944385416,CLOSED
0.126293747176574,0.1536249225400895,0.1399593348583317,0.0249995910679487,0.0033155616912678,0.0029990223764386,0.0246438084895605,0.0033405603054625,0.0042312460351405,CLOSED
0.1047198270172914,0.1410556138100053,0.1228877204136483,0.0251279608859657,0.0027705447917483,0.0024922466428028,0.0247848388185061,0.0030170405292852,0.0039750407761676,CLOSED
0.138287973703698,0.1327522736777756,0.1355201236907368,0.0253859620668317,0.0036173022221444,0.0034038442873377,0.0246109588916725,0.0027979821396702,0.0037363393608493,CLOSED
0.1087142681384363,0.1258447856449655,0.1172795268917009,0.0256047804102029,0.0028679370904902,0.0026992728357909,0.0247968870146605,0.0026296778191022,0.0036114400429425,CLOSED
0.12878989853938,0.1551697549328906,0.1419798267361353,0.024991554800591,0.0033495165771245,0.0030878030370943,0.0249277276082299,0.003354021808305,0.0043820369597007,CLOSED
0.1527389875389785,0.1812134434108443,0.1669762154749114,0.0251937992666839,0.0039196338875965,0.0037765168969105,0.0246505475687685,0.0039272171715439,0.0050068040422548,CLOSED
0.1441106688832986,0.1741436487357577,0.1591271588095281,0.0256768068741748,0.0037906257677736,0.0036099778590755,0.0248053965340512,0.0037973461059722,0.0048420584155817,CLOSED
0.1467152894423851,0.1396308393354869,0.143173064388936,0.0249820591794647,0.0037891101366859,0.0035413899500779,0.0253184045593784,0.0030451934535905,0.0040252667049323,CLOSED
0.1169862136170972,0.1326566708236395,0.1248214422203684,0.0254444746946728,0.0029909426220388,0.0029623628819727,0.0252177820282399,0.0029346807679829,0.003755933250862,CLOSED
0.2057539615365988,0.2128233966561256,0.2092886790963622,0.0258162666468044,0.0054753553361594,0.0051482429331708,0.0260631655417115,0.0051076826515416,0.0059860201848542,CLOSED
0.376712074274281,0.29445997699252,0.3355860256334005,0.0284776462647588,0.0109050898212107,0.0105506565684822,0.0280262229450117,0.0076619008635611,0.0088433010635896,CLOSED
0.414406302089927,0.3499590532195393,0.3821826776547332,0.0293870211671246,0.0124933131491538,0.0118630203934592,0.0271660104135508,0.0090178139650021,0.0099961686031546,CLOSED
0.3647583822480785,0.3647607893871214,0.3647595858176,0.0307829355033745,0.0114183325089337,0.0110383350011818,0.0281415164833821,0.0097083145636767,0.0108215289703815,CLOSED
0.3796815114331683,0.3643399992759714,0.3720107553545698,0.0316135300200771,0.0123222340902614,0.01168391162926,0.0297718950785109,0.010411375641735,0.0112828088209628,CLOSED
0.3787719216969384,0.3811899461926645,0.3799809339448015,0.0325322469427327,0.0128911415963588,0.0117534617868776,0.029763385541229,0.0110097992580509,0.0116812074078942,CLOSED
0.3981064529300466,0.3840621632812774,0.391084308105662,0.0335406443921412,0.0137270541955539,0.0129784397403329,0.0299891866011513,0.0110989212810953,0.0119365024810727,CLOSED
0.3791395489205912,0.3926129281094924,0.3858762385150418,0.0335532273136745,0.0131770323380305,0.0122656785990426,0.0299400053511796,0.0113544040474536,0.0121552622896274,CLOSED
0.3713974745784155,0.3783917028691798,0.3748945887237976,0.0345877348370287,0.0132018695609851,0.0124897251787355,0.0298986219249165,0.0106756491503398,0.0119511317768821,CLOSED
0.3708081261311647,0.3905105879101833,0.380659357020674,0.033752045603466,0.0128599738792169,0.0121710916874127,0.0291639126811949,0.0110193000869753,0.011758333286814,CLOSED
0.3522724293984758,0.3908843764357732,0.3715784029171245,0.0341843035185222,0.0124215773807286,0.0116627979148007,0.0297046086143331,0.0112254187808696,0.011996716050095,CLOSED
0.1824103792513757,0.1944827315820374,0.1884465554167066,0.0341694165035996,0.0063712017439564,0.0060945107024832,0.0310181140496912,0.0055219922366363,0.0065429828611778,CLOSED
0.1562012151650377,0.2199841040980104,0.188092659631524,0.0344442090686143,0.005484480897991,0.0052759737258413,0.030397548594596,0.0061731241910534,0.0072008307976624,CLOSED
0.1339584626804276,0.2202347009361747,0.1770965818083012,0.034372779231588,0.004668758453915,0.0045402908739194,0.0315367396919958,0.0063743292674378,0.0075166396016995,CLOSED
0.1573261744649723,0.2347180787794437,0.196022126622208,0.0338185136178309,0.0054620655206205,0.0051790092265492,0.030697502855288,0.006549973293755,0.0078605444932843,CLOSED
0.1656532283289128,0.2124189570787039,0.1890360927038083,0.0335813440987021,0.0057751328776801,0.005350583245468,0.0305026324204393,0.0058071962185219,0.0071514785152876,CLOSED
0.1581135593567878,0.2072553530859309,0.1826844562213593,0.0342547380602844,0.0055724203391837,0.0052598567799082,0.0310197914206725,0.0057717671752293,0.0070862684718574,CLOSED
